embed_dim,hidden_dim,num_layers,dropout,lr,batch_size,use_pos_weight,epochs,patience,early_stop_on,val_acc,val_precision,val_recall,val_f1,val_roc_auc,val_threshold,test_acc,test_precision,test_recall,test_f1,test_roc_auc
256,256,2,0.2,0.0005,32,False,6,2,roc_auc,0.6056338028169014,0.5306122448979592,0.8387096774193549,0.65,0.6887096774193548,0.25,0.5816326530612245,0.547945205479452,0.8333333333333334,0.6611570247933884,0.6283333333333333
128,256,1,0.5,0.001,32,False,6,2,roc_auc,0.6197183098591549,0.5416666666666666,0.8387096774193549,0.6582278481012658,0.6685483870967742,0.35,0.673469387755102,0.6142857142857143,0.8958333333333334,0.7288135593220338,0.67875
64,64,1,0.2,0.0003,16,False,6,2,roc_auc,0.43661971830985913,0.43661971830985913,1.0,0.6078431372549019,0.6669354838709678,0.1,0.4897959183673469,0.4897959183673469,1.0,0.6575342465753424,0.5991666666666666
256,256,2,0.5,0.0005,16,True,6,2,roc_auc,0.6901408450704225,0.6451612903225806,0.6451612903225806,0.6451612903225806,0.660483870967742,0.5750000000000001,0.6122448979591837,0.5925925925925926,0.6666666666666666,0.6274509803921569,0.6525
256,128,1,0.2,0.0003,16,False,6,2,roc_auc,0.5633802816901409,0.5,0.8387096774193549,0.6265060240963856,0.6572580645161291,0.475,0.5612244897959183,0.5333333333333333,0.8333333333333334,0.6504065040650406,0.6020833333333333
64,256,2,0.5,0.0005,16,True,6,2,roc_auc,0.4788732394366197,0.45454545454545453,0.967741935483871,0.6185567010309279,0.6540322580645161,0.15000000000000002,0.5,0.4948453608247423,1.0,0.6620689655172414,0.53625
256,128,1,0.5,0.001,16,False,6,2,roc_auc,0.5774647887323944,0.5087719298245614,0.9354838709677419,0.6590909090909091,0.6459677419354839,0.42500000000000004,0.5408163265306123,0.5185185185185185,0.875,0.6511627906976745,0.5775
256,256,2,0.5,0.0005,32,False,6,2,roc_auc,0.43661971830985913,0.43661971830985913,1.0,0.6078431372549019,0.6451612903225806,0.1,0.4897959183673469,0.4897959183673469,1.0,0.6575342465753424,0.6691666666666667
256,64,2,0.2,0.0005,32,True,6,2,roc_auc,0.43661971830985913,0.43661971830985913,1.0,0.6078431372549019,0.6387096774193549,0.1,0.4897959183673469,0.4897959183673469,1.0,0.6575342465753424,0.6695833333333333
128,256,2,0.5,0.0005,32,False,6,2,roc_auc,0.647887323943662,0.5555555555555556,0.967741935483871,0.7058823529411765,0.6387096774193548,0.4,0.6122448979591837,0.5675675675675675,0.875,0.6885245901639344,0.7100000000000001
64,128,2,0.2,0.0005,32,False,6,2,roc_auc,0.43661971830985913,0.43661971830985913,1.0,0.6078431372549019,0.6387096774193548,0.1,0.4897959183673469,0.4897959183673469,1.0,0.6575342465753424,0.5183333333333333
128,256,2,0.2,0.0005,32,True,6,2,roc_auc,0.43661971830985913,0.43661971830985913,1.0,0.6078431372549019,0.6379032258064515,0.1,0.4897959183673469,0.4897959183673469,1.0,0.6575342465753424,0.4608333333333334
64,256,1,0.2,0.0005,32,True,6,2,roc_auc,0.6056338028169014,0.5319148936170213,0.8064516129032258,0.6410256410256411,0.635483870967742,0.5,0.5816326530612245,0.5636363636363636,0.6458333333333334,0.6019417475728155,0.605
256,256,2,0.2,0.0005,16,False,6,2,roc_auc,0.4788732394366197,0.453125,0.9354838709677419,0.6105263157894737,0.635483870967742,0.45000000000000007,0.5408163265306123,0.5164835164835165,0.9791666666666666,0.6762589928057554,0.62625
128,64,2,0.5,0.0005,32,False,6,2,roc_auc,0.6056338028169014,0.5294117647058824,0.8709677419354839,0.6585365853658537,0.6314516129032258,0.5,0.5204081632653061,0.5068493150684932,0.7708333333333334,0.6115702479338843,0.5599999999999999
256,128,2,0.2,0.001,32,True,6,2,roc_auc,0.5211267605633803,0.47619047619047616,0.967741935483871,0.6382978723404256,0.6290322580645161,0.15000000000000002,0.5408163265306123,0.5164835164835165,0.9791666666666666,0.6762589928057554,0.665
128,64,2,0.2,0.001,16,True,6,2,roc_auc,0.4788732394366197,0.45454545454545453,0.967741935483871,0.6185567010309279,0.6290322580645161,0.2,0.5612244897959183,0.5294117647058824,0.9375,0.6766917293233082,0.67
64,128,1,0.5,0.0005,32,True,6,2,roc_auc,0.43661971830985913,0.43661971830985913,1.0,0.6078431372549019,0.629032258064516,0.1,0.4897959183673469,0.4897959183673469,1.0,0.6575342465753424,0.5658333333333333
256,256,2,0.5,0.0005,16,False,6,2,roc_auc,0.6338028169014085,0.5862068965517241,0.5483870967741935,0.5666666666666667,0.628225806451613,0.17500000000000002,0.6020408163265306,0.5957446808510638,0.5833333333333334,0.5894736842105263,0.6425
256,256,2,0.5,0.001,32,False,6,2,roc_auc,0.5915492957746479,0.5227272727272727,0.7419354838709677,0.6133333333333333,0.6266129032258065,0.475,0.6530612244897959,0.6,0.875,0.711864406779661,0.6991666666666667
128,256,2,0.2,0.0003,32,True,6,2,roc_auc,0.43661971830985913,0.43661971830985913,1.0,0.6078431372549019,0.6258064516129033,0.1,0.4897959183673469,0.4897959183673469,1.0,0.6575342465753424,0.7158333333333334
128,128,2,0.5,0.0005,16,False,6,2,roc_auc,0.43661971830985913,0.43661971830985913,1.0,0.6078431372549019,0.6258064516129033,0.1,0.4897959183673469,0.4897959183673469,1.0,0.6575342465753424,0.46749999999999997
64,128,2,0.5,0.001,32,True,6,2,roc_auc,0.43661971830985913,0.43661971830985913,1.0,0.6078431372549019,0.6258064516129032,0.1,0.4897959183673469,0.4897959183673469,1.0,0.6575342465753424,0.66125
64,128,2,0.5,0.001,16,False,6,2,roc_auc,0.49295774647887325,0.46153846153846156,0.967741935483871,0.625,0.6241935483870967,0.1,0.47959183673469385,0.4838709677419355,0.9375,0.6382978723404256,0.57375
256,256,1,0.5,0.001,32,True,6,2,roc_auc,0.43661971830985913,0.43661971830985913,1.0,0.6078431372549019,0.6241935483870967,0.1,0.4897959183673469,0.4897959183673469,1.0,0.6575342465753424,0.5108333333333333
128,256,1,0.2,0.001,16,False,6,2,roc_auc,0.647887323943662,0.5789473684210527,0.7096774193548387,0.6376811594202898,0.6233870967741935,0.45000000000000007,0.5612244897959183,0.5396825396825397,0.7083333333333334,0.6126126126126126,0.6029166666666668
256,256,1,0.2,0.001,16,True,6,2,roc_auc,0.4788732394366197,0.45588235294117646,1.0,0.6262626262626263,0.6225806451612904,0.1,0.5,0.49473684210526314,0.9791666666666666,0.6573426573426573,0.665
128,64,2,0.2,0.0005,16,False,6,2,roc_auc,0.43661971830985913,0.43661971830985913,1.0,0.6078431372549019,0.6225806451612903,0.1,0.4897959183673469,0.4897959183673469,1.0,0.6575342465753424,0.49874999999999997
64,128,1,0.2,0.001,16,True,6,2,roc_auc,0.5352112676056338,0.48148148148148145,0.8387096774193549,0.611764705882353,0.6217741935483871,0.55,0.6530612244897959,0.5945945945945946,0.9166666666666666,0.7213114754098361,0.6879166666666666
128,128,2,0.5,0.0005,32,False,6,2,roc_auc,0.43661971830985913,0.43661971830985913,1.0,0.6078431372549019,0.6217741935483871,0.1,0.4897959183673469,0.4897959183673469,1.0,0.6575342465753424,0.5358333333333334
128,256,2,0.2,0.0005,16,False,6,2,roc_auc,0.5492957746478874,0.4915254237288136,0.9354838709677419,0.6444444444444445,0.621774193548387,0.4,0.5612244897959183,0.5301204819277109,0.9166666666666666,0.6717557251908397,0.6366666666666666
64,64,1,0.2,0.001,16,False,6,2,roc_auc,0.43661971830985913,0.43661971830985913,1.0,0.6078431372549019,0.6201612903225807,0.1,0.4897959183673469,0.4897959183673469,1.0,0.6575342465753424,0.4404166666666667
128,128,2,0.2,0.0005,32,True,6,2,roc_auc,0.4647887323943662,0.44776119402985076,0.967741935483871,0.6122448979591837,0.6193548387096774,0.5,0.5204081632653061,0.5054945054945055,0.9583333333333334,0.6618705035971223,0.5625
64,256,2,0.2,0.001,32,False,6,2,roc_auc,0.6197183098591549,1.0,0.12903225806451613,0.22857142857142856,0.6185483870967742,0.1,0.5510204081632653,0.75,0.125,0.21428571428571427,0.5991666666666667
64,128,1,0.5,0.001,16,False,6,2,roc_auc,0.4788732394366197,0.45588235294117646,1.0,0.6262626262626263,0.6177419354838709,0.15000000000000002,0.5306122448979592,0.5106382978723404,1.0,0.676056338028169,0.6345833333333333
256,64,1,0.2,0.001,32,True,6,2,roc_auc,0.5352112676056338,0.48333333333333334,0.9354838709677419,0.6373626373626373,0.6177419354838709,0.475,0.45918367346938777,0.47191011235955055,0.875,0.6131386861313869,0.5133333333333333
64,256,2,0.5,0.0005,16,False,6,2,roc_auc,0.4507042253521127,0.44285714285714284,1.0,0.6138613861386139,0.6169354838709679,0.275,0.5,0.4948453608247423,1.0,0.6620689655172414,0.7
128,64,1,0.2,0.001,16,False,6,2,roc_auc,0.6056338028169014,0.5306122448979592,0.8387096774193549,0.65,0.6169354838709677,0.45000000000000007,0.6326530612244898,0.5857142857142857,0.8541666666666666,0.6949152542372882,0.6749999999999999
256,64,1,0.2,0.0003,32,False,6,2,roc_auc,0.5633802816901409,0.5,0.8709677419354839,0.6352941176470588,0.6161290322580646,0.5,0.47959183673469385,0.4805194805194805,0.7708333333333334,0.592,0.5137499999999999
256,64,1,0.5,0.001,16,False,6,2,roc_auc,0.43661971830985913,0.43661971830985913,1.0,0.6078431372549019,0.6161290322580645,0.1,0.4897959183673469,0.4897959183673469,1.0,0.6575342465753424,0.59
256,256,1,0.2,0.0005,32,False,6,2,roc_auc,0.4647887323943662,0.4492753623188406,1.0,0.62,0.6161290322580645,0.35,0.5,0.49473684210526314,0.9791666666666666,0.6573426573426573,0.6229166666666666
256,128,2,0.2,0.001,32,False,6,2,roc_auc,0.5352112676056338,0.48214285714285715,0.8709677419354839,0.6206896551724138,0.6153225806451613,0.125,0.6020408163265306,0.5555555555555556,0.9375,0.6976744186046512,0.7329166666666667
256,128,1,0.5,0.0005,32,False,6,2,roc_auc,0.5492957746478874,0.49056603773584906,0.8387096774193549,0.6190476190476191,0.6153225806451613,0.45000000000000007,0.5510204081632653,0.527027027027027,0.8125,0.639344262295082,0.625
256,128,2,0.2,0.0005,16,False,6,2,roc_auc,0.5774647887323944,0.5094339622641509,0.8709677419354839,0.6428571428571429,0.6153225806451613,0.275,0.5918367346938775,0.5526315789473685,0.875,0.6774193548387096,0.67375
128,128,1,0.2,0.0005,16,False,6,2,roc_auc,0.43661971830985913,0.43661971830985913,1.0,0.6078431372549019,0.6137096774193549,0.1,0.4897959183673469,0.4897959183673469,1.0,0.6575342465753424,0.6241666666666668
128,128,1,0.5,0.0005,32,True,6,2,roc_auc,0.5915492957746479,0.5208333333333334,0.8064516129032258,0.6329113924050633,0.6129032258064516,0.5,0.5408163265306123,0.5230769230769231,0.7083333333333334,0.6017699115044248,0.5887499999999999
256,128,1,0.2,0.001,16,True,6,2,roc_auc,0.5211267605633803,0.47540983606557374,0.9354838709677419,0.6304347826086957,0.6120967741935484,0.45000000000000007,0.47959183673469385,0.4819277108433735,0.8333333333333334,0.6106870229007634,0.535
256,256,2,0.2,0.001,32,True,6,2,roc_auc,0.5633802816901409,0.5,0.6451612903225806,0.5633802816901409,0.6120967741935484,0.1,0.6122448979591837,0.5757575757575758,0.7916666666666666,0.6666666666666666,0.6166666666666667
256,64,2,0.2,0.0005,32,False,6,2,roc_auc,0.5774647887323944,0.5106382978723404,0.7741935483870968,0.6153846153846154,0.6120967741935484,0.5,0.5204081632653061,0.5076923076923077,0.6875,0.584070796460177,0.5579166666666667
128,128,1,0.2,0.001,32,True,6,2,roc_auc,0.5492957746478874,0.49019607843137253,0.8064516129032258,0.6097560975609756,0.6112903225806452,0.475,0.5918367346938775,0.5588235294117647,0.7916666666666666,0.6551724137931034,0.6554166666666666
128,64,1,0.2,0.0003,16,True,6,2,roc_auc,0.43661971830985913,0.43661971830985913,1.0,0.6078431372549019,0.6096774193548388,0.1,0.4897959183673469,0.4897959183673469,1.0,0.6575342465753424,0.6458333333333334
64,256,2,0.5,0.0003,16,False,6,2,roc_auc,0.43661971830985913,0.43661971830985913,1.0,0.6078431372549019,0.6096774193548387,0.1,0.4897959183673469,0.4897959183673469,1.0,0.6575342465753424,0.5170833333333333
64,256,1,0.2,0.0005,16,False,6,2,roc_auc,0.5774647887323944,0.5106382978723404,0.7741935483870968,0.6153846153846154,0.6096774193548387,0.5,0.5306122448979592,0.5151515151515151,0.7083333333333334,0.5964912280701754,0.5620833333333334
128,128,1,0.5,0.001,16,True,6,2,roc_auc,0.49295774647887325,0.4603174603174603,0.9354838709677419,0.6170212765957447,0.6088709677419355,0.17500000000000002,0.4897959183673469,0.48936170212765956,0.9583333333333334,0.647887323943662,0.5666666666666667
128,256,2,0.5,0.0003,16,True,6,2,roc_auc,0.49295774647887325,0.45901639344262296,0.9032258064516129,0.6086956521739131,0.6088709677419354,0.475,0.5612244897959183,0.5294117647058824,0.9375,0.6766917293233082,0.5854166666666667
128,256,2,0.2,0.001,32,False,6,2,roc_auc,0.6056338028169014,0.5365853658536586,0.7096774193548387,0.6111111111111112,0.6080645161290323,0.42500000000000004,0.6836734693877551,0.6440677966101694,0.7916666666666666,0.7102803738317757,0.6804166666666667
128,256,1,0.2,0.001,32,True,6,2,roc_auc,0.5070422535211268,0.46875,0.967741935483871,0.631578947368421,0.6080645161290322,0.125,0.5204081632653061,0.5058823529411764,0.8958333333333334,0.6466165413533834,0.6579166666666668
64,64,1,0.2,0.0005,16,False,6,2,roc_auc,0.5211267605633803,0.47368421052631576,0.8709677419354839,0.6136363636363636,0.6080645161290322,0.45000000000000007,0.5510204081632653,0.5303030303030303,0.7291666666666666,0.6140350877192983,0.62875
256,128,2,0.5,0.0005,16,True,6,2,roc_auc,0.43661971830985913,0.43661971830985913,1.0,0.6078431372549019,0.607258064516129,0.1,0.4897959183673469,0.4897959183673469,1.0,0.6575342465753424,0.6308333333333334
256,128,2,0.5,0.0005,16,False,6,2,roc_auc,0.43661971830985913,0.43661971830985913,1.0,0.6078431372549019,0.607258064516129,0.1,0.4897959183673469,0.4897959183673469,1.0,0.6575342465753424,0.6920833333333334
128,256,2,0.5,0.001,16,False,6,2,roc_auc,0.43661971830985913,0.43661971830985913,1.0,0.6078431372549019,0.6064516129032258,0.1,0.4897959183673469,0.4897959183673469,1.0,0.6575342465753424,0.5716666666666667
64,256,1,0.5,0.001,16,False,6,2,roc_auc,0.4788732394366197,0.45588235294117646,1.0,0.6262626262626263,0.6064516129032258,0.25,0.5102040816326531,0.5,1.0,0.6666666666666666,0.5829166666666666
256,128,2,0.2,0.0005,32,True,6,2,roc_auc,0.43661971830985913,0.43661971830985913,1.0,0.6078431372549019,0.6064516129032258,0.1,0.4897959183673469,0.4897959183673469,1.0,0.6575342465753424,0.7158333333333333
64,128,1,0.5,0.0003,32,True,6,2,roc_auc,0.43661971830985913,0.43661971830985913,1.0,0.6078431372549019,0.6048387096774194,0.1,0.4897959183673469,0.4897959183673469,1.0,0.6575342465753424,0.5604166666666666
128,128,1,0.5,0.001,32,False,6,2,roc_auc,0.43661971830985913,0.43661971830985913,1.0,0.6078431372549019,0.6040322580645161,0.1,0.4897959183673469,0.4897959183673469,1.0,0.6575342465753424,0.58
256,64,1,0.5,0.0005,16,False,6,2,roc_auc,0.43661971830985913,0.43661971830985913,1.0,0.6078431372549019,0.6040322580645161,0.1,0.4897959183673469,0.4897959183673469,1.0,0.6575342465753424,0.5958333333333333
256,256,2,0.2,0.0003,16,False,6,2,roc_auc,0.6197183098591549,0.55,0.7096774193548387,0.6197183098591549,0.6024193548387097,0.125,0.6122448979591837,0.5657894736842105,0.8958333333333334,0.6935483870967742,0.6937500000000001
64,256,1,0.5,0.001,32,False,6,2,roc_auc,0.43661971830985913,0.43661971830985913,1.0,0.6078431372549019,0.6024193548387097,0.1,0.4897959183673469,0.4897959183673469,1.0,0.6575342465753424,0.5225000000000001
128,128,2,0.2,0.0005,16,False,6,2,roc_auc,0.4788732394366197,0.45454545454545453,0.967741935483871,0.6185567010309279,0.6024193548387097,0.275,0.5408163265306123,0.5161290322580645,1.0,0.6808510638297872,0.6979166666666666
64,128,1,0.2,0.0005,16,True,6,2,roc_auc,0.43661971830985913,0.43661971830985913,1.0,0.6078431372549019,0.6016129032258064,0.1,0.4897959183673469,0.4897959183673469,1.0,0.6575342465753424,0.6074999999999999
64,256,2,0.2,0.0005,16,False,6,2,roc_auc,0.4507042253521127,0.44285714285714284,1.0,0.6138613861386139,0.6008064516129032,0.4,0.5102040816326531,0.5,0.9791666666666666,0.6619718309859155,0.6520833333333333
128,128,1,0.5,0.0003,16,False,6,2,roc_auc,0.5492957746478874,0.49056603773584906,0.8387096774193549,0.6190476190476191,0.6008064516129031,0.45000000000000007,0.47959183673469385,0.4794520547945205,0.7291666666666666,0.5785123966942148,0.4870833333333333
64,256,2,0.5,0.0005,32,False,6,2,roc_auc,0.5352112676056338,0.48148148148148145,0.8387096774193549,0.611764705882353,0.6,0.45000000000000007,0.5714285714285714,0.5405405405405406,0.8333333333333334,0.6557377049180327,0.5825
128,128,1,0.2,0.001,16,False,6,2,roc_auc,0.43661971830985913,0.43661971830985913,1.0,0.6078431372549019,0.6,0.1,0.4897959183673469,0.4897959183673469,1.0,0.6575342465753424,0.5654166666666667
256,256,1,0.5,0.0005,16,False,6,2,roc_auc,0.43661971830985913,0.43661971830985913,1.0,0.6078431372549019,0.6,0.1,0.4897959183673469,0.4897959183673469,1.0,0.6575342465753424,0.6033333333333334
128,128,1,0.5,0.0005,32,False,6,2,roc_auc,0.49295774647887325,0.45901639344262296,0.9032258064516129,0.6086956521739131,0.5991935483870968,0.475,0.5102040816326531,0.5,0.8541666666666666,0.6307692307692307,0.5616666666666666
128,64,1,0.2,0.0005,32,True,6,2,roc_auc,0.43661971830985913,0.43661971830985913,1.0,0.6078431372549019,0.5983870967741935,0.1,0.4897959183673469,0.4897959183673469,1.0,0.6575342465753424,0.49875
128,128,1,0.5,0.0003,16,True,6,2,roc_auc,0.43661971830985913,0.43661971830985913,1.0,0.6078431372549019,0.5975806451612904,0.1,0.4897959183673469,0.4897959183673469,1.0,0.6575342465753424,0.495
128,64,2,0.2,0.001,16,False,6,2,roc_auc,0.4647887323943662,0.4492753623188406,1.0,0.62,0.5975806451612904,0.17500000000000002,0.5408163265306123,0.5164835164835165,0.9791666666666666,0.6762589928057554,0.6795833333333333
256,64,2,0.5,0.001,32,True,6,2,roc_auc,0.43661971830985913,0.43661971830985913,1.0,0.6078431372549019,0.5975806451612903,0.1,0.4897959183673469,0.4897959183673469,1.0,0.6575342465753424,0.56375
128,64,1,0.2,0.0003,16,False,6,2,roc_auc,0.4507042253521127,0.44285714285714284,1.0,0.6138613861386139,0.5975806451612903,0.45000000000000007,0.5,0.4948453608247423,1.0,0.6620689655172414,0.5541666666666667
256,256,2,0.2,0.0005,32,True,6,2,roc_auc,0.6056338028169014,0.5348837209302325,0.7419354838709677,0.6216216216216216,0.5967741935483871,0.2,0.5612244897959183,0.5308641975308642,0.8958333333333334,0.6666666666666666,0.67375
256,128,2,0.2,0.0003,16,True,6,2,roc_auc,0.43661971830985913,0.43661971830985913,1.0,0.6078431372549019,0.5967741935483871,0.1,0.4897959183673469,0.4897959183673469,1.0,0.6575342465753424,0.6895833333333333
256,256,1,0.2,0.0003,32,True,6,2,roc_auc,0.5492957746478874,0.4909090909090909,0.8709677419354839,0.627906976744186,0.5967741935483871,0.5,0.6020408163265306,0.5652173913043478,0.8125,0.6666666666666666,0.6091666666666666
64,64,1,0.5,0.0003,16,True,6,2,roc_auc,0.43661971830985913,0.43661971830985913,1.0,0.6078431372549019,0.5967741935483871,0.1,0.4897959183673469,0.4897959183673469,1.0,0.6575342465753424,0.4425
64,256,2,0.2,0.001,16,True,6,2,roc_auc,0.4788732394366197,0.45454545454545453,0.967741935483871,0.6185567010309279,0.595967741935484,0.42500000000000004,0.5102040816326531,0.5,1.0,0.6666666666666666,0.68625
64,256,2,0.5,0.0003,32,False,6,2,roc_auc,0.5211267605633803,0.47368421052631576,0.8709677419354839,0.6136363636363636,0.5959677419354839,0.45000000000000007,0.5918367346938775,0.5526315789473685,0.875,0.6774193548387096,0.6679166666666667
128,256,1,0.2,0.0005,16,True,6,2,roc_auc,0.43661971830985913,0.43661971830985913,1.0,0.6078431372549019,0.5959677419354839,0.1,0.4897959183673469,0.4897959183673469,1.0,0.6575342465753424,0.5558333333333333
128,64,2,0.5,0.0005,32,True,6,2,roc_auc,0.49295774647887325,0.45901639344262296,0.9032258064516129,0.6086956521739131,0.5951612903225806,0.5,0.5918367346938775,0.5512820512820513,0.8958333333333334,0.6825396825396826,0.5604166666666667
256,256,1,0.2,0.0005,16,True,6,2,roc_auc,0.5211267605633803,0.47368421052631576,0.8709677419354839,0.6136363636363636,0.5943548387096774,0.42500000000000004,0.6020408163265306,0.5569620253164557,0.9166666666666666,0.6929133858267716,0.61375
256,128,2,0.2,0.001,16,False,6,2,roc_auc,0.4788732394366197,0.453125,0.9354838709677419,0.6105263157894737,0.5935483870967743,0.45000000000000007,0.5510204081632653,0.5222222222222223,0.9791666666666666,0.6811594202898551,0.7229166666666667
128,64,1,0.2,0.001,32,False,6,2,roc_auc,0.49295774647887325,0.4603174603174603,0.9354838709677419,0.6170212765957447,0.5935483870967742,0.475,0.4489795918367347,0.4666666666666667,0.875,0.6086956521739131,0.4820833333333333
64,256,1,0.2,0.001,32,False,6,2,roc_auc,0.4647887323943662,0.4492753623188406,1.0,0.62,0.5935483870967742,0.4,0.4897959183673469,0.4897959183673469,1.0,0.6575342465753424,0.5762499999999999
256,128,1,0.5,0.0005,16,False,6,2,roc_auc,0.5492957746478874,0.4909090909090909,0.8709677419354839,0.627906976744186,0.5935483870967742,0.42500000000000004,0.6020408163265306,0.5616438356164384,0.8541666666666666,0.6776859504132231,0.66375
256,256,2,0.2,0.0005,16,True,6,2,roc_auc,0.49295774647887325,0.4576271186440678,0.8709677419354839,0.6,0.592741935483871,0.1,0.5816326530612245,0.5443037974683544,0.8958333333333334,0.6771653543307087,0.6995833333333333
128,64,1,0.5,0.0003,16,False,6,2,roc_auc,0.5352112676056338,0.4827586206896552,0.9032258064516129,0.6292134831460674,0.5919354838709677,0.475,0.46938775510204084,0.47297297297297297,0.7291666666666666,0.5737704918032787,0.55375
64,64,2,0.2,0.001,16,True,6,2,roc_auc,0.43661971830985913,0.43661971830985913,1.0,0.6078431372549019,0.5919354838709677,0.1,0.4897959183673469,0.4897959183673469,1.0,0.6575342465753424,0.5833333333333334
128,256,1,0.2,0.0003,16,False,6,2,roc_auc,0.4788732394366197,0.453125,0.9354838709677419,0.6105263157894737,0.5903225806451613,0.45000000000000007,0.5612244897959183,0.5287356321839081,0.9583333333333334,0.6814814814814815,0.5966666666666667
128,256,1,0.5,0.001,32,True,6,2,roc_auc,0.43661971830985913,0.43661971830985913,1.0,0.6078431372549019,0.5903225806451613,0.1,0.4897959183673469,0.4897959183673469,1.0,0.6575342465753424,0.5041666666666667
256,256,1,0.2,0.0005,16,False,6,2,roc_auc,0.5633802816901409,0.5,0.8709677419354839,0.6352941176470588,0.5903225806451613,0.45000000000000007,0.5306122448979592,0.5135135135135135,0.7916666666666666,0.6229508196721312,0.5383333333333333
64,256,2,0.2,0.001,16,False,6,2,roc_auc,0.6338028169014085,0.5675675675675675,0.6774193548387096,0.6176470588235294,0.5903225806451613,0.45000000000000007,0.5510204081632653,0.5357142857142857,0.625,0.5769230769230769,0.5479166666666666
256,256,2,0.5,0.0005,32,True,6,2,roc_auc,0.5070422535211268,0.46774193548387094,0.9354838709677419,0.6236559139784946,0.5903225806451613,0.375,0.5714285714285714,0.5340909090909091,0.9791666666666666,0.6911764705882353,0.6733333333333333
64,128,1,0.5,0.001,32,False,6,2,roc_auc,0.5492957746478874,0.4909090909090909,0.8709677419354839,0.627906976744186,0.5903225806451613,0.42500000000000004,0.5204081632653061,0.5063291139240507,0.8333333333333334,0.6299212598425197,0.6083333333333333
128,128,2,0.5,0.0003,32,True,6,2,roc_auc,0.43661971830985913,0.43661971830985913,1.0,0.6078431372549019,0.589516129032258,0.1,0.4897959183673469,0.4897959183673469,1.0,0.6575342465753424,0.5833333333333333
64,64,2,0.5,0.0005,16,False,6,2,roc_auc,0.4647887323943662,0.44776119402985076,0.967741935483871,0.6122448979591837,0.589516129032258,0.45000000000000007,0.5306122448979592,0.5106382978723404,1.0,0.676056338028169,0.5379166666666667
256,64,1,0.5,0.001,32,False,6,2,roc_auc,0.5070422535211268,0.4666666666666667,0.9032258064516129,0.6153846153846154,0.5887096774193548,0.42500000000000004,0.5408163265306123,0.5168539325842697,0.9583333333333334,0.6715328467153284,0.6345833333333334
256,128,1,0.5,0.001,32,True,6,2,roc_auc,0.43661971830985913,0.43661971830985913,1.0,0.6078431372549019,0.5879032258064516,0.1,0.4897959183673469,0.4897959183673469,1.0,0.6575342465753424,0.6433333333333333
64,64,2,0.2,0.0005,32,True,6,2,roc_auc,0.43661971830985913,0.43661971830985913,1.0,0.6078431372549019,0.5879032258064516,0.1,0.4897959183673469,0.4897959183673469,1.0,0.6575342465753424,0.6237500000000001
128,256,1,0.2,0.0005,32,True,6,2,roc_auc,0.43661971830985913,0.43661971830985913,1.0,0.6078431372549019,0.5870967741935483,0.1,0.4897959183673469,0.4897959183673469,1.0,0.6575342465753424,0.5641666666666667
128,256,2,0.2,0.0005,32,False,6,2,roc_auc,0.4647887323943662,0.4492753623188406,1.0,0.62,0.5870967741935483,0.125,0.5510204081632653,0.5217391304347826,1.0,0.6857142857142857,0.6725000000000001
64,256,1,0.2,0.0003,32,False,6,2,roc_auc,0.43661971830985913,0.43661971830985913,1.0,0.6078431372549019,0.5862903225806452,0.1,0.4897959183673469,0.4897959183673469,1.0,0.6575342465753424,0.5554166666666667
256,64,1,0.5,0.0005,32,False,6,2,roc_auc,0.6197183098591549,0.5526315789473685,0.6774193548387096,0.6086956521739131,0.5862903225806451,0.475,0.5816326530612245,0.5686274509803921,0.6041666666666666,0.5858585858585859,0.6037499999999999
64,64,2,0.5,0.0003,16,True,6,2,roc_auc,0.43661971830985913,0.43661971830985913,1.0,0.6078431372549019,0.5854838709677419,0.1,0.4897959183673469,0.4897959183673469,1.0,0.6575342465753424,0.59625
256,64,1,0.2,0.001,16,False,6,2,roc_auc,0.4647887323943662,0.4492753623188406,1.0,0.62,0.5846774193548387,0.42500000000000004,0.5102040816326531,0.5,0.9791666666666666,0.6619718309859155,0.5583333333333333
256,128,1,0.5,0.0005,16,True,6,2,roc_auc,0.4647887323943662,0.44776119402985076,0.967741935483871,0.6122448979591837,0.5838709677419356,0.475,0.5,0.4946236559139785,0.9583333333333334,0.6524822695035462,0.53875
256,64,1,0.2,0.001,32,False,6,2,roc_auc,0.4647887323943662,0.44776119402985076,0.967741935483871,0.6122448979591837,0.5838709677419355,0.42500000000000004,0.5,0.4943820224719101,0.9166666666666666,0.6423357664233577,0.5058333333333334
256,64,2,0.2,0.001,16,True,6,2,roc_auc,0.43661971830985913,0.43661971830985913,1.0,0.6078431372549019,0.5838709677419354,0.1,0.4897959183673469,0.4897959183673469,1.0,0.6575342465753424,0.7254166666666666
64,128,2,0.5,0.001,16,True,6,2,roc_auc,0.4507042253521127,0.44285714285714284,1.0,0.6138613861386139,0.5830645161290323,0.17500000000000002,0.5,0.49473684210526314,0.9791666666666666,0.6573426573426573,0.5783333333333334
64,128,1,0.2,0.001,16,False,6,2,roc_auc,0.5774647887323944,0.5106382978723404,0.7741935483870968,0.6153846153846154,0.5830645161290322,0.475,0.5714285714285714,0.5441176470588235,0.7708333333333334,0.6379310344827587,0.63625
64,128,2,0.2,0.0005,16,False,6,2,roc_auc,0.43661971830985913,0.43661971830985913,1.0,0.6078431372549019,0.582258064516129,0.1,0.4897959183673469,0.4897959183673469,1.0,0.6575342465753424,0.5466666666666666
256,256,2,0.5,0.0003,16,True,6,2,roc_auc,0.43661971830985913,0.43661971830985913,1.0,0.6078431372549019,0.582258064516129,0.1,0.4897959183673469,0.4897959183673469,1.0,0.6575342465753424,0.5770833333333333
256,128,2,0.2,0.0003,32,True,6,2,roc_auc,0.43661971830985913,0.43661971830985913,1.0,0.6078431372549019,0.582258064516129,0.1,0.4897959183673469,0.4897959183673469,1.0,0.6575342465753424,0.5679166666666666
256,256,2,0.2,0.001,16,True,6,2,roc_auc,0.5633802816901409,0.5,0.8709677419354839,0.6352941176470588,0.5814516129032258,0.375,0.5918367346938775,0.55,0.9166666666666666,0.6875,0.6649999999999999
128,256,1,0.2,0.0003,32,False,6,2,roc_auc,0.5633802816901409,0.5,0.8064516129032258,0.6172839506172839,0.5814516129032258,0.475,0.5612244897959183,0.543859649122807,0.6458333333333334,0.5904761904761905,0.65625
256,64,2,0.5,0.0003,32,False,6,2,roc_auc,0.43661971830985913,0.43661971830985913,1.0,0.6078431372549019,0.5806451612903225,0.1,0.4897959183673469,0.4897959183673469,1.0,0.6575342465753424,0.5920833333333333
64,256,2,0.5,0.001,16,True,6,2,roc_auc,0.6338028169014085,0.6666666666666666,0.3225806451612903,0.43478260869565216,0.5798387096774194,0.1,0.5816326530612245,0.574468085106383,0.5625,0.5684210526315789,0.5387500000000001
128,64,1,0.5,0.001,16,False,6,2,roc_auc,0.5352112676056338,0.48214285714285715,0.8709677419354839,0.6206896551724138,0.5798387096774194,0.45000000000000007,0.5306122448979592,0.5116279069767442,0.9166666666666666,0.6567164179104478,0.5854166666666667
128,64,1,0.5,0.001,32,False,6,2,roc_auc,0.43661971830985913,0.43661971830985913,1.0,0.6078431372549019,0.5798387096774192,0.1,0.4897959183673469,0.4897959183673469,1.0,0.6575342465753424,0.52
64,128,1,0.5,0.0005,32,False,6,2,roc_auc,0.43661971830985913,0.43661971830985913,1.0,0.6078431372549019,0.5790322580645162,0.1,0.4897959183673469,0.4897959183673469,1.0,0.6575342465753424,0.5929166666666666
64,64,1,0.2,0.0003,32,True,6,2,roc_auc,0.43661971830985913,0.43661971830985913,1.0,0.6078431372549019,0.5790322580645162,0.1,0.4897959183673469,0.4897959183673469,1.0,0.6575342465753424,0.5166666666666666
128,256,2,0.5,0.0003,32,True,6,2,roc_auc,0.49295774647887325,0.45901639344262296,0.9032258064516129,0.6086956521739131,0.5790322580645162,0.5,0.5408163265306123,0.5194805194805194,0.8333333333333334,0.64,0.5620833333333334
64,256,1,0.5,0.0005,16,True,6,2,roc_auc,0.43661971830985913,0.43661971830985913,1.0,0.6078431372549019,0.5774193548387097,0.1,0.4897959183673469,0.4897959183673469,1.0,0.6575342465753424,0.5245833333333334
128,256,2,0.2,0.0003,16,False,6,2,roc_auc,0.43661971830985913,0.43661971830985913,1.0,0.6078431372549019,0.5774193548387097,0.1,0.4897959183673469,0.4897959183673469,1.0,0.6575342465753424,0.6008333333333333
256,64,1,0.2,0.0005,16,False,6,2,roc_auc,0.43661971830985913,0.43661971830985913,1.0,0.6078431372549019,0.5766129032258065,0.1,0.4897959183673469,0.4897959183673469,1.0,0.6575342465753424,0.5091666666666667
64,64,1,0.2,0.0003,32,False,6,2,roc_auc,0.43661971830985913,0.43661971830985913,1.0,0.6078431372549019,0.5766129032258065,0.1,0.4897959183673469,0.4897959183673469,1.0,0.6575342465753424,0.4674999999999999
64,256,1,0.2,0.0005,32,False,6,2,roc_auc,0.43661971830985913,0.43661971830985913,1.0,0.6078431372549019,0.5766129032258065,0.1,0.4897959183673469,0.4897959183673469,1.0,0.6575342465753424,0.5191666666666666
256,128,1,0.2,0.0005,16,False,6,2,roc_auc,0.43661971830985913,0.43661971830985913,1.0,0.6078431372549019,0.5758064516129033,0.1,0.4897959183673469,0.4897959183673469,1.0,0.6575342465753424,0.6379166666666666
256,64,2,0.5,0.0003,16,False,6,2,roc_auc,0.43661971830985913,0.43661971830985913,1.0,0.6078431372549019,0.5758064516129032,0.1,0.4897959183673469,0.4897959183673469,1.0,0.6575342465753424,0.5920833333333333
64,128,2,0.5,0.001,32,False,6,2,roc_auc,0.43661971830985913,0.43661971830985913,1.0,0.6078431372549019,0.5758064516129032,0.1,0.4897959183673469,0.4897959183673469,1.0,0.6575342465753424,0.68
256,256,1,0.5,0.0003,16,True,6,2,roc_auc,0.43661971830985913,0.43661971830985913,1.0,0.6078431372549019,0.575,0.1,0.4897959183673469,0.4897959183673469,1.0,0.6575342465753424,0.6583333333333333
128,256,2,0.5,0.001,32,False,6,2,roc_auc,0.43661971830985913,0.43661971830985913,1.0,0.6078431372549019,0.5741935483870968,0.1,0.4897959183673469,0.4897959183673469,1.0,0.6575342465753424,0.6004166666666667
128,256,1,0.5,0.0005,16,False,6,2,roc_auc,0.4647887323943662,0.4492753623188406,1.0,0.62,0.5741935483870968,0.325,0.5204081632653061,0.5052631578947369,1.0,0.6713286713286714,0.5541666666666667
256,64,2,0.2,0.0003,16,False,6,2,roc_auc,0.43661971830985913,0.43661971830985913,1.0,0.6078431372549019,0.5741935483870967,0.1,0.4897959183673469,0.4897959183673469,1.0,0.6575342465753424,0.4325
64,256,2,0.2,0.0003,16,True,6,2,roc_auc,0.43661971830985913,0.43661971830985913,1.0,0.6078431372549019,0.5741935483870967,0.1,0.4897959183673469,0.4897959183673469,1.0,0.6575342465753424,0.54125
128,256,2,0.5,0.0005,32,True,6,2,roc_auc,0.4507042253521127,0.44285714285714284,1.0,0.6138613861386139,0.5733870967741935,0.475,0.5102040816326531,0.5,1.0,0.6666666666666666,0.6495833333333334
256,128,1,0.2,0.001,32,True,6,2,roc_auc,0.43661971830985913,0.43661971830985913,1.0,0.6078431372549019,0.5733870967741935,0.1,0.4897959183673469,0.4897959183673469,1.0,0.6575342465753424,0.6220833333333334
64,64,1,0.2,0.0003,16,True,6,2,roc_auc,0.43661971830985913,0.43661971830985913,1.0,0.6078431372549019,0.5733870967741935,0.1,0.4897959183673469,0.4897959183673469,1.0,0.6575342465753424,0.43083333333333335
64,128,1,0.2,0.0003,16,False,6,2,roc_auc,0.5774647887323944,0.5106382978723404,0.7741935483870968,0.6153846153846154,0.5725806451612904,0.5,0.4897959183673469,0.48333333333333334,0.6041666666666666,0.5370370370370371,0.46791666666666665
256,256,1,0.2,0.0003,16,True,6,2,roc_auc,0.43661971830985913,0.43661971830985913,1.0,0.6078431372549019,0.5725806451612903,0.1,0.4897959183673469,0.4897959183673469,1.0,0.6575342465753424,0.6045833333333334
256,128,1,0.5,0.001,16,True,6,2,roc_auc,0.43661971830985913,0.43661971830985913,1.0,0.6078431372549019,0.5725806451612903,0.1,0.4897959183673469,0.4897959183673469,1.0,0.6575342465753424,0.56125
256,256,1,0.2,0.001,16,False,6,2,roc_auc,0.4647887323943662,0.44776119402985076,0.967741935483871,0.6122448979591837,0.5717741935483871,0.2,0.5510204081632653,0.5238095238095238,0.9166666666666666,0.6666666666666666,0.6804166666666666
256,256,1,0.5,0.001,32,False,6,2,roc_auc,0.43661971830985913,0.43661971830985913,1.0,0.6078431372549019,0.5709677419354839,0.1,0.4897959183673469,0.4897959183673469,1.0,0.6575342465753424,0.6420833333333333
128,256,2,0.2,0.001,16,True,6,2,roc_auc,0.5492957746478874,0.4782608695652174,0.3548387096774194,0.4074074074074074,0.5709677419354838,0.1,0.6020408163265306,0.6285714285714286,0.4583333333333333,0.5301204819277109,0.6916666666666667
64,128,2,0.2,0.001,32,True,6,2,roc_auc,0.43661971830985913,0.43661971830985913,1.0,0.6078431372549019,0.5709677419354838,0.1,0.4897959183673469,0.4897959183673469,1.0,0.6575342465753424,0.7420833333333332
64,128,1,0.5,0.0005,16,True,6,2,roc_auc,0.43661971830985913,0.43661971830985913,1.0,0.6078431372549019,0.5701612903225807,0.1,0.4897959183673469,0.4897959183673469,1.0,0.6575342465753424,0.54375
256,64,2,0.2,0.001,32,False,6,2,roc_auc,0.43661971830985913,0.43661971830985913,1.0,0.6078431372549019,0.5693548387096774,0.1,0.4897959183673469,0.4897959183673469,1.0,0.6575342465753424,0.6604166666666667
256,64,1,0.5,0.001,16,True,6,2,roc_auc,0.4788732394366197,0.45454545454545453,0.967741935483871,0.6185567010309279,0.5693548387096774,0.42500000000000004,0.5102040816326531,0.5,0.9583333333333334,0.6571428571428571,0.6
64,128,2,0.2,0.0003,32,False,6,2,roc_auc,0.43661971830985913,0.43661971830985913,1.0,0.6078431372549019,0.5693548387096774,0.1,0.4897959183673469,0.4897959183673469,1.0,0.6575342465753424,0.5266666666666666
256,128,2,0.2,0.0003,32,False,6,2,roc_auc,0.43661971830985913,0.43661971830985913,1.0,0.6078431372549019,0.5685483870967742,0.1,0.4897959183673469,0.4897959183673469,1.0,0.6575342465753424,0.61125
256,128,1,0.2,0.0003,16,True,6,2,roc_auc,0.43661971830985913,0.43661971830985913,1.0,0.6078431372549019,0.5685483870967742,0.1,0.4897959183673469,0.4897959183673469,1.0,0.6575342465753424,0.5708333333333333
128,64,1,0.5,0.0005,32,True,6,2,roc_auc,0.43661971830985913,0.43661971830985913,1.0,0.6078431372549019,0.5685483870967741,0.1,0.4897959183673469,0.4897959183673469,1.0,0.6575342465753424,0.4025
128,128,2,0.5,0.001,32,False,6,2,roc_auc,0.43661971830985913,0.43661971830985913,1.0,0.6078431372549019,0.567741935483871,0.1,0.4897959183673469,0.4897959183673469,1.0,0.6575342465753424,0.7283333333333334
128,128,2,0.5,0.0003,32,False,6,2,roc_auc,0.5492957746478874,0.49019607843137253,0.8064516129032258,0.6097560975609756,0.567741935483871,0.475,0.6122448979591837,0.578125,0.7708333333333334,0.6607142857142857,0.6575
128,128,1,0.5,0.0003,32,False,6,2,roc_auc,0.5211267605633803,0.4745762711864407,0.9032258064516129,0.6222222222222222,0.5677419354838709,0.475,0.5510204081632653,0.5227272727272727,0.9583333333333334,0.6764705882352942,0.5591666666666667
256,64,2,0.2,0.001,32,True,6,2,roc_auc,0.43661971830985913,0.43661971830985913,1.0,0.6078431372549019,0.5677419354838709,0.1,0.4897959183673469,0.4897959183673469,1.0,0.6575342465753424,0.5349999999999999
256,128,1,0.2,0.001,16,False,6,2,roc_auc,0.43661971830985913,0.43661971830985913,1.0,0.6078431372549019,0.5677419354838709,0.1,0.4897959183673469,0.4897959183673469,1.0,0.6575342465753424,0.6370833333333332
128,64,2,0.2,0.0005,16,True,6,2,roc_auc,0.43661971830985913,0.43661971830985913,1.0,0.6078431372549019,0.5669354838709678,0.1,0.4897959183673469,0.4897959183673469,1.0,0.6575342465753424,0.4345833333333333
128,128,2,0.2,0.001,32,True,6,2,roc_auc,0.5492957746478874,0.4909090909090909,0.8709677419354839,0.627906976744186,0.5669354838709677,0.25,0.6020408163265306,0.5542168674698795,0.9583333333333334,0.7022900763358778,0.6325
256,256,1,0.5,0.0005,32,False,6,2,roc_auc,0.49295774647887325,0.4603174603174603,0.9354838709677419,0.6170212765957447,0.5669354838709677,0.45000000000000007,0.4897959183673469,0.48863636363636365,0.8958333333333334,0.6323529411764706,0.6029166666666667
64,128,1,0.2,0.0005,32,True,6,2,roc_auc,0.43661971830985913,0.43661971830985913,1.0,0.6078431372549019,0.5669354838709677,0.1,0.4897959183673469,0.4897959183673469,1.0,0.6575342465753424,0.6325000000000001
256,256,1,0.2,0.001,32,False,6,2,roc_auc,0.4507042253521127,0.44285714285714284,1.0,0.6138613861386139,0.5669354838709677,0.42500000000000004,0.5,0.4948453608247423,1.0,0.6620689655172414,0.5745833333333333
64,256,1,0.2,0.001,16,True,6,2,roc_auc,0.4507042253521127,0.44285714285714284,1.0,0.6138613861386139,0.5661290322580645,0.475,0.5102040816326531,0.5,1.0,0.6666666666666666,0.5916666666666667
128,128,1,0.5,0.0005,16,False,6,2,roc_auc,0.5915492957746479,0.5192307692307693,0.8709677419354839,0.6506024096385542,0.5661290322580645,0.475,0.5408163265306123,0.5238095238095238,0.6875,0.5945945945945946,0.6095833333333334
256,128,2,0.5,0.001,32,True,6,2,roc_auc,0.4507042253521127,0.44285714285714284,1.0,0.6138613861386139,0.5661290322580645,0.2,0.5102040816326531,0.5,1.0,0.6666666666666666,0.7
256,128,1,0.5,0.001,32,False,6,2,roc_auc,0.5633802816901409,0.5,0.8064516129032258,0.6172839506172839,0.5661290322580644,0.4,0.5714285714285714,0.5416666666666666,0.8125,0.65,0.6683333333333332
256,64,1,0.5,0.0003,16,False,6,2,roc_auc,0.43661971830985913,0.43661971830985913,1.0,0.6078431372549019,0.5653225806451614,0.1,0.4897959183673469,0.4897959183673469,1.0,0.6575342465753424,0.49625
256,128,2,0.5,0.001,16,True,6,2,roc_auc,0.5492957746478874,0.49122807017543857,0.9032258064516129,0.6363636363636364,0.5653225806451614,0.5,0.5918367346938775,0.5476190476190477,0.9583333333333334,0.696969696969697,0.6737500000000001
128,256,2,0.2,0.0005,16,True,6,2,roc_auc,0.43661971830985913,0.43661971830985913,1.0,0.6078431372549019,0.564516129032258,0.1,0.4897959183673469,0.4897959183673469,1.0,0.6575342465753424,0.6175
256,128,1,0.5,0.0003,16,False,6,2,roc_auc,0.4507042253521127,0.44285714285714284,1.0,0.6138613861386139,0.564516129032258,0.42500000000000004,0.5102040816326531,0.5,1.0,0.6666666666666666,0.6166666666666667
64,64,2,0.2,0.0005,32,False,6,2,roc_auc,0.4507042253521127,0.44285714285714284,1.0,0.6138613861386139,0.563709677419355,0.475,0.5408163265306123,0.5161290322580645,1.0,0.6808510638297872,0.6133333333333333
64,128,2,0.2,0.0003,16,True,6,2,roc_auc,0.43661971830985913,0.43661971830985913,1.0,0.6078431372549019,0.5637096774193548,0.1,0.4897959183673469,0.4897959183673469,1.0,0.6575342465753424,0.6845833333333333
128,256,1,0.2,0.0005,32,False,6,2,roc_auc,0.5915492957746479,0.5217391304347826,0.7741935483870968,0.6233766233766234,0.5637096774193547,0.5,0.5,0.49206349206349204,0.6458333333333334,0.5585585585585585,0.4870833333333333
256,128,2,0.5,0.001,16,False,6,2,roc_auc,0.4084507042253521,0.417910447761194,0.9032258064516129,0.5714285714285714,0.5629032258064517,0.1,0.5408163265306123,0.5168539325842697,0.9583333333333334,0.6715328467153284,0.6516666666666667
64,64,1,0.5,0.0005,16,True,6,2,roc_auc,0.4647887323943662,0.44776119402985076,0.967741935483871,0.6122448979591837,0.5629032258064516,0.45000000000000007,0.5102040816326531,0.5,1.0,0.6666666666666666,0.5958333333333333
256,128,1,0.2,0.001,32,False,6,2,roc_auc,0.43661971830985913,0.43661971830985913,1.0,0.6078431372549019,0.5629032258064516,0.1,0.4897959183673469,0.4897959183673469,1.0,0.6575342465753424,0.58875
64,128,2,0.5,0.0005,16,False,6,2,roc_auc,0.4647887323943662,0.44776119402985076,0.967741935483871,0.6122448979591837,0.5629032258064516,0.45000000000000007,0.5306122448979592,0.5108695652173914,0.9791666666666666,0.6714285714285714,0.5629166666666667
128,256,1,0.5,0.0005,16,True,6,2,roc_auc,0.43661971830985913,0.43661971830985913,1.0,0.6078431372549019,0.5620967741935484,0.1,0.4897959183673469,0.4897959183673469,1.0,0.6575342465753424,0.6012500000000001
256,64,2,0.2,0.0003,32,False,6,2,roc_auc,0.43661971830985913,0.43661971830985913,1.0,0.6078431372549019,0.5620967741935484,0.1,0.4897959183673469,0.4897959183673469,1.0,0.6575342465753424,0.6166666666666667
256,64,1,0.2,0.0003,16,True,6,2,roc_auc,0.43661971830985913,0.43661971830985913,1.0,0.6078431372549019,0.5620967741935483,0.1,0.4897959183673469,0.4897959183673469,1.0,0.6575342465753424,0.5383333333333333
256,256,2,0.2,0.001,32,False,6,2,roc_auc,0.43661971830985913,0.43661971830985913,1.0,0.6078431372549019,0.5620967741935483,0.1,0.4897959183673469,0.4897959183673469,1.0,0.6575342465753424,0.6470833333333335
256,256,2,0.2,0.001,16,False,6,2,roc_auc,0.43661971830985913,0.43661971830985913,1.0,0.6078431372549019,0.5612903225806453,0.1,0.4897959183673469,0.4897959183673469,1.0,0.6575342465753424,0.66375
64,128,1,0.2,0.0003,16,True,6,2,roc_auc,0.43661971830985913,0.43661971830985913,1.0,0.6078431372549019,0.5612903225806452,0.1,0.4897959183673469,0.4897959183673469,1.0,0.6575342465753424,0.5666666666666667
64,128,2,0.5,0.0003,16,False,6,2,roc_auc,0.43661971830985913,0.43661971830985913,1.0,0.6078431372549019,0.5612903225806452,0.1,0.4897959183673469,0.4897959183673469,1.0,0.6575342465753424,0.47625000000000006
128,64,1,0.2,0.0005,16,True,6,2,roc_auc,0.4647887323943662,0.44776119402985076,0.967741935483871,0.6122448979591837,0.560483870967742,0.45000000000000007,0.5,0.49473684210526314,0.9791666666666666,0.6573426573426573,0.6020833333333333
256,256,1,0.5,0.0003,16,False,6,2,roc_auc,0.4507042253521127,0.44285714285714284,1.0,0.6138613861386139,0.560483870967742,0.45000000000000007,0.4897959183673469,0.4897959183673469,1.0,0.6575342465753424,0.57625
128,256,1,0.2,0.001,32,False,6,2,roc_auc,0.4507042253521127,0.44285714285714284,1.0,0.6138613861386139,0.5604838709677419,0.15000000000000002,0.5,0.4948453608247423,1.0,0.6620689655172414,0.5991666666666666
256,128,2,0.5,0.0005,32,False,6,2,roc_auc,0.43661971830985913,0.43661971830985913,1.0,0.6078431372549019,0.5604838709677419,0.1,0.4897959183673469,0.4897959183673469,1.0,0.6575342465753424,0.46416666666666667
256,64,2,0.5,0.001,16,True,6,2,roc_auc,0.43661971830985913,0.43661971830985913,1.0,0.6078431372549019,0.5604838709677419,0.1,0.4897959183673469,0.4897959183673469,1.0,0.6575342465753424,0.6854166666666666
128,128,1,0.2,0.0005,16,True,6,2,roc_auc,0.49295774647887325,0.46153846153846156,0.967741935483871,0.625,0.5604838709677419,0.45000000000000007,0.5510204081632653,0.5217391304347826,1.0,0.6857142857142857,0.6466666666666667
64,128,1,0.2,0.0003,32,False,6,2,roc_auc,0.43661971830985913,0.43661971830985913,1.0,0.6078431372549019,0.5588709677419356,0.1,0.4897959183673469,0.4897959183673469,1.0,0.6575342465753424,0.6033333333333333
256,128,2,0.2,0.001,16,True,6,2,roc_auc,0.43661971830985913,0.43661971830985913,1.0,0.6078431372549019,0.5588709677419356,0.1,0.4897959183673469,0.4897959183673469,1.0,0.6575342465753424,0.6062500000000001
256,64,1,0.5,0.0003,32,False,6,2,roc_auc,0.4647887323943662,0.4492753623188406,1.0,0.62,0.5588709677419355,0.45000000000000007,0.47959183673469385,0.4845360824742268,0.9791666666666666,0.6482758620689655,0.4970833333333333
64,256,2,0.5,0.0005,32,True,6,2,roc_auc,0.43661971830985913,0.43661971830985913,1.0,0.6078431372549019,0.5588709677419355,0.1,0.4897959183673469,0.4897959183673469,1.0,0.6575342465753424,0.5104166666666666
128,128,1,0.2,0.0003,32,True,6,2,roc_auc,0.43661971830985913,0.43661971830985913,1.0,0.6078431372549019,0.5572580645161291,0.1,0.4897959183673469,0.4897959183673469,1.0,0.6575342465753424,0.5733333333333334
256,128,2,0.5,0.001,32,False,6,2,roc_auc,0.43661971830985913,0.43661971830985913,1.0,0.6078431372549019,0.557258064516129,0.1,0.4897959183673469,0.4897959183673469,1.0,0.6575342465753424,0.5466666666666666
64,64,2,0.5,0.0005,32,True,6,2,roc_auc,0.43661971830985913,0.43661971830985913,1.0,0.6078431372549019,0.5564516129032258,0.1,0.4897959183673469,0.4897959183673469,1.0,0.6575342465753424,0.5304166666666666
256,128,1,0.5,0.0003,16,True,6,2,roc_auc,0.5070422535211268,0.4666666666666667,0.9032258064516129,0.6153846153846154,0.5564516129032258,0.475,0.5510204081632653,0.524390243902439,0.8958333333333334,0.6615384615384615,0.6245833333333334
256,256,1,0.5,0.0003,32,True,6,2,roc_auc,0.4507042253521127,0.44285714285714284,1.0,0.6138613861386139,0.5548387096774193,0.4,0.4897959183673469,0.4897959183673469,1.0,0.6575342465753424,0.6233333333333333
256,256,1,0.2,0.0003,16,False,6,2,roc_auc,0.43661971830985913,0.43661971830985913,1.0,0.6078431372549019,0.5540322580645162,0.1,0.4897959183673469,0.4897959183673469,1.0,0.6575342465753424,0.615
64,128,1,0.2,0.0005,32,False,6,2,roc_auc,0.43661971830985913,0.43661971830985913,1.0,0.6078431372549019,0.5540322580645161,0.1,0.4897959183673469,0.4897959183673469,1.0,0.6575342465753424,0.6254166666666666
256,128,2,0.5,0.0003,16,True,6,2,roc_auc,0.43661971830985913,0.43661971830985913,1.0,0.6078431372549019,0.5524193548387096,0.1,0.4897959183673469,0.4897959183673469,1.0,0.6575342465753424,0.62
128,128,1,0.2,0.0003,16,True,6,2,roc_auc,0.4507042253521127,0.44285714285714284,1.0,0.6138613861386139,0.5524193548387096,0.475,0.47959183673469385,0.4842105263157895,0.9583333333333334,0.6433566433566433,0.6229166666666667
128,64,2,0.2,0.001,32,False,6,2,roc_auc,0.43661971830985913,0.43661971830985913,1.0,0.6078431372549019,0.5516129032258065,0.1,0.4897959183673469,0.4897959183673469,1.0,0.6575342465753424,0.6933333333333334
128,128,1,0.2,0.001,32,False,6,2,roc_auc,0.43661971830985913,0.43661971830985913,1.0,0.6078431372549019,0.5516129032258065,0.1,0.4897959183673469,0.4897959183673469,1.0,0.6575342465753424,0.6483333333333334
64,64,1,0.5,0.001,32,False,6,2,roc_auc,0.43661971830985913,0.43661971830985913,1.0,0.6078431372549019,0.5516129032258065,0.1,0.4897959183673469,0.4897959183673469,1.0,0.6575342465753424,0.63
256,64,1,0.2,0.0005,32,True,6,2,roc_auc,0.4507042253521127,0.44285714285714284,1.0,0.6138613861386139,0.5508064516129032,0.45000000000000007,0.4897959183673469,0.4897959183673469,1.0,0.6575342465753424,0.45458333333333334
64,128,1,0.2,0.001,32,False,6,2,roc_auc,0.4647887323943662,0.44776119402985076,0.967741935483871,0.6122448979591837,0.5508064516129032,0.42500000000000004,0.5204081632653061,0.5052631578947369,1.0,0.6713286713286714,0.6420833333333333
128,128,2,0.5,0.001,32,True,6,2,roc_auc,0.43661971830985913,0.43661971830985913,1.0,0.6078431372549019,0.5508064516129032,0.1,0.4897959183673469,0.4897959183673469,1.0,0.6575342465753424,0.6491666666666667
64,64,2,0.5,0.001,16,False,6,2,roc_auc,0.43661971830985913,0.43661971830985913,1.0,0.6078431372549019,0.5508064516129032,0.1,0.4897959183673469,0.4897959183673469,1.0,0.6575342465753424,0.6641666666666666
256,64,2,0.2,0.001,16,False,6,2,roc_auc,0.43661971830985913,0.43661971830985913,1.0,0.6078431372549019,0.5499999999999999,0.1,0.4897959183673469,0.4897959183673469,1.0,0.6575342465753424,0.6316666666666667
256,64,2,0.2,0.0003,16,True,6,2,roc_auc,0.43661971830985913,0.43661971830985913,1.0,0.6078431372549019,0.5499999999999999,0.1,0.4897959183673469,0.4897959183673469,1.0,0.6575342465753424,0.5679166666666666
256,128,2,0.5,0.0003,16,False,6,2,roc_auc,0.43661971830985913,0.43661971830985913,1.0,0.6078431372549019,0.5491935483870969,0.1,0.4897959183673469,0.4897959183673469,1.0,0.6575342465753424,0.6670833333333334
64,128,2,0.5,0.0005,32,False,6,2,roc_auc,0.43661971830985913,0.43661971830985913,1.0,0.6078431372549019,0.5491935483870968,0.1,0.4897959183673469,0.4897959183673469,1.0,0.6575342465753424,0.6683333333333333
128,256,1,0.2,0.0003,16,True,6,2,roc_auc,0.43661971830985913,0.43661971830985913,1.0,0.6078431372549019,0.5491935483870968,0.1,0.4897959183673469,0.4897959183673469,1.0,0.6575342465753424,0.5325
256,64,1,0.5,0.001,32,True,6,2,roc_auc,0.43661971830985913,0.43661971830985913,1.0,0.6078431372549019,0.5491935483870968,0.1,0.4897959183673469,0.4897959183673469,1.0,0.6575342465753424,0.63625
256,128,1,0.5,0.0003,32,False,6,2,roc_auc,0.5915492957746479,0.5217391304347826,0.7741935483870968,0.6233766233766234,0.5491935483870967,0.5,0.5306122448979592,0.5178571428571429,0.6041666666666666,0.5576923076923077,0.5599999999999999
64,256,2,0.5,0.001,32,True,6,2,roc_auc,0.43661971830985913,0.43661971830985913,1.0,0.6078431372549019,0.5483870967741935,0.1,0.4897959183673469,0.4897959183673469,1.0,0.6575342465753424,0.5333333333333333
256,256,1,0.2,0.001,32,True,6,2,roc_auc,0.43661971830985913,0.43661971830985913,1.0,0.6078431372549019,0.5483870967741935,0.1,0.4897959183673469,0.4897959183673469,1.0,0.6575342465753424,0.6058333333333334
64,128,2,0.2,0.0003,32,True,6,2,roc_auc,0.43661971830985913,0.43661971830985913,1.0,0.6078431372549019,0.5483870967741935,0.1,0.4897959183673469,0.4897959183673469,1.0,0.6575342465753424,0.6395833333333333
64,64,1,0.5,0.001,16,True,6,2,roc_auc,0.49295774647887325,0.46153846153846156,0.967741935483871,0.625,0.5475806451612903,0.5,0.5204081632653061,0.5057471264367817,0.9166666666666666,0.6518518518518519,0.5620833333333334
64,128,2,0.2,0.0005,16,True,6,2,roc_auc,0.43661971830985913,0.43661971830985913,1.0,0.6078431372549019,0.5475806451612903,0.1,0.4897959183673469,0.4897959183673469,1.0,0.6575342465753424,0.57
128,64,1,0.2,0.001,32,True,6,2,roc_auc,0.43661971830985913,0.43661971830985913,1.0,0.6078431372549019,0.5475806451612902,0.1,0.4897959183673469,0.4897959183673469,1.0,0.6575342465753424,0.5700000000000001
64,128,1,0.2,0.0005,16,False,6,2,roc_auc,0.43661971830985913,0.43661971830985913,1.0,0.6078431372549019,0.5467741935483871,0.1,0.4897959183673469,0.4897959183673469,1.0,0.6575342465753424,0.5845833333333335
128,128,1,0.2,0.001,16,True,6,2,roc_auc,0.5915492957746479,0.5208333333333334,0.8064516129032258,0.6329113924050633,0.5467741935483871,0.5,0.4897959183673469,0.4857142857142857,0.7083333333333334,0.576271186440678,0.5558333333333334
128,64,2,0.2,0.0003,32,False,6,2,roc_auc,0.4507042253521127,0.44285714285714284,1.0,0.6138613861386139,0.5459677419354839,0.475,0.4897959183673469,0.4897959183673469,1.0,0.6575342465753424,0.5575
256,128,1,0.2,0.0005,32,False,6,2,roc_auc,0.43661971830985913,0.43661971830985913,1.0,0.6078431372549019,0.5459677419354838,0.1,0.4897959183673469,0.4897959183673469,1.0,0.6575342465753424,0.6258333333333332
128,64,1,0.2,0.001,16,True,6,2,roc_auc,0.43661971830985913,0.43661971830985913,1.0,0.6078431372549019,0.5443548387096775,0.1,0.4897959183673469,0.4897959183673469,1.0,0.6575342465753424,0.6383333333333334
256,256,2,0.5,0.001,16,False,6,2,roc_auc,0.5211267605633803,0.47058823529411764,0.7741935483870968,0.5853658536585366,0.5443548387096775,0.1,0.5714285714285714,0.5384615384615384,0.875,0.6666666666666666,0.6366666666666667
256,256,2,0.5,0.0003,16,False,6,2,roc_auc,0.43661971830985913,0.43661971830985913,1.0,0.6078431372549019,0.5443548387096774,0.1,0.4897959183673469,0.4897959183673469,1.0,0.6575342465753424,0.59
128,256,1,0.2,0.0005,16,False,6,2,roc_auc,0.43661971830985913,0.43661971830985913,1.0,0.6078431372549019,0.5443548387096774,0.1,0.4897959183673469,0.4897959183673469,1.0,0.6575342465753424,0.6016666666666667
128,256,2,0.2,0.0003,32,False,6,2,roc_auc,0.43661971830985913,0.43661971830985913,1.0,0.6078431372549019,0.5435483870967742,0.1,0.4897959183673469,0.4897959183673469,1.0,0.6575342465753424,0.6187499999999999
128,128,2,0.2,0.0005,32,False,6,2,roc_auc,0.43661971830985913,0.43661971830985913,1.0,0.6078431372549019,0.5435483870967742,0.1,0.4897959183673469,0.4897959183673469,1.0,0.6575342465753424,0.6045833333333334
64,128,2,0.5,0.0003,32,False,6,2,roc_auc,0.43661971830985913,0.43661971830985913,1.0,0.6078431372549019,0.5435483870967742,0.1,0.4897959183673469,0.4897959183673469,1.0,0.6575342465753424,0.5291666666666667
256,256,2,0.5,0.001,16,True,6,2,roc_auc,0.4788732394366197,0.4482758620689655,0.8387096774193549,0.5842696629213483,0.5435483870967741,0.1,0.5,0.4946236559139785,0.9583333333333334,0.6524822695035462,0.64125
128,128,2,0.2,0.0003,16,True,6,2,roc_auc,0.43661971830985913,0.43661971830985913,1.0,0.6078431372549019,0.5435483870967741,0.1,0.4897959183673469,0.4897959183673469,1.0,0.6575342465753424,0.5229166666666667
128,256,1,0.5,0.0003,32,True,6,2,roc_auc,0.43661971830985913,0.43661971830985913,1.0,0.6078431372549019,0.542741935483871,0.1,0.4897959183673469,0.4897959183673469,1.0,0.6575342465753424,0.57125
128,128,1,0.2,0.0005,32,False,6,2,roc_auc,0.4647887323943662,0.44776119402985076,0.967741935483871,0.6122448979591837,0.542741935483871,0.42500000000000004,0.5,0.4948453608247423,1.0,0.6620689655172414,0.6499999999999999
128,256,2,0.2,0.0003,16,True,6,2,roc_auc,0.43661971830985913,0.43661971830985913,1.0,0.6078431372549019,0.542741935483871,0.1,0.4897959183673469,0.4897959183673469,1.0,0.6575342465753424,0.5541666666666667
128,256,1,0.5,0.001,16,False,6,2,roc_auc,0.5211267605633803,0.47619047619047616,0.967741935483871,0.6382978723404256,0.542741935483871,0.2,0.5612244897959183,0.5280898876404494,0.9791666666666666,0.6861313868613139,0.68375
64,256,2,0.5,0.0003,16,True,6,2,roc_auc,0.43661971830985913,0.43661971830985913,1.0,0.6078431372549019,0.5419354838709678,0.1,0.4897959183673469,0.4897959183673469,1.0,0.6575342465753424,0.56125
256,128,1,0.2,0.0005,32,True,6,2,roc_auc,0.43661971830985913,0.43661971830985913,1.0,0.6078431372549019,0.5419354838709677,0.1,0.4897959183673469,0.4897959183673469,1.0,0.6575342465753424,0.6516666666666667
256,256,2,0.2,0.0003,16,True,6,2,roc_auc,0.4507042253521127,0.44285714285714284,1.0,0.6138613861386139,0.5419354838709677,0.30000000000000004,0.5102040816326531,0.5,1.0,0.6666666666666666,0.72625
256,256,1,0.5,0.001,16,False,6,2,roc_auc,0.43661971830985913,0.43661971830985913,1.0,0.6078431372549019,0.5419354838709677,0.1,0.4897959183673469,0.4897959183673469,1.0,0.6575342465753424,0.7191666666666666
128,256,2,0.5,0.001,16,True,6,2,roc_auc,0.43661971830985913,0.43661971830985913,1.0,0.6078431372549019,0.5411290322580644,0.1,0.4897959183673469,0.4897959183673469,1.0,0.6575342465753424,0.6620833333333334
64,256,1,0.5,0.0005,32,True,6,2,roc_auc,0.43661971830985913,0.43661971830985913,1.0,0.6078431372549019,0.5403225806451613,0.1,0.4897959183673469,0.4897959183673469,1.0,0.6575342465753424,0.6354166666666666
128,64,1,0.2,0.0005,16,False,6,2,roc_auc,0.4788732394366197,0.453125,0.9354838709677419,0.6105263157894737,0.5395161290322581,0.42500000000000004,0.5714285714285714,0.5348837209302325,0.9583333333333334,0.6865671641791045,0.56875
256,256,1,0.2,0.0003,32,False,6,2,roc_auc,0.5492957746478874,0.49019607843137253,0.8064516129032258,0.6097560975609756,0.5395161290322581,0.475,0.6020408163265306,0.5714285714285714,0.75,0.6486486486486487,0.615
128,128,1,0.5,0.001,16,False,6,2,roc_auc,0.4507042253521127,0.44285714285714284,1.0,0.6138613861386139,0.5395161290322581,0.375,0.5,0.49473684210526314,0.9791666666666666,0.6573426573426573,0.6158333333333333
128,64,1,0.5,0.001,16,True,6,2,roc_auc,0.43661971830985913,0.43661971830985913,1.0,0.6078431372549019,0.5395161290322581,0.1,0.4897959183673469,0.4897959183673469,1.0,0.6575342465753424,0.52625
128,64,2,0.5,0.0003,32,False,6,2,roc_auc,0.43661971830985913,0.43661971830985913,1.0,0.6078431372549019,0.539516129032258,0.1,0.4897959183673469,0.4897959183673469,1.0,0.6575342465753424,0.5016666666666667
256,64,2,0.2,0.0005,16,True,6,2,roc_auc,0.43661971830985913,0.43661971830985913,1.0,0.6078431372549019,0.5387096774193549,0.1,0.4897959183673469,0.4897959183673469,1.0,0.6575342465753424,0.72
64,256,1,0.5,0.001,32,True,6,2,roc_auc,0.5211267605633803,0.47368421052631576,0.8709677419354839,0.6136363636363636,0.5387096774193548,0.525,0.5612244897959183,0.5316455696202531,0.875,0.6614173228346457,0.60125
64,256,2,0.2,0.0003,32,True,6,2,roc_auc,0.4507042253521127,0.44285714285714284,1.0,0.6138613861386139,0.5379032258064517,0.45000000000000007,0.5204081632653061,0.5052631578947369,1.0,0.6713286713286714,0.61625
128,256,2,0.5,0.001,32,True,6,2,roc_auc,0.5352112676056338,0.4807692307692308,0.8064516129032258,0.6024096385542169,0.5379032258064517,0.125,0.5408163265306123,0.5189873417721519,0.8541666666666666,0.6456692913385826,0.61375
128,64,1,0.5,0.0005,32,False,6,2,roc_auc,0.4507042253521127,0.44285714285714284,1.0,0.6138613861386139,0.5379032258064516,0.475,0.4897959183673469,0.4895833333333333,0.9791666666666666,0.6527777777777778,0.4141666666666667
64,64,2,0.2,0.0005,16,True,6,2,roc_auc,0.43661971830985913,0.43661971830985913,1.0,0.6078431372549019,0.5362903225806452,0.1,0.4897959183673469,0.4897959183673469,1.0,0.6575342465753424,0.5679166666666666
64,64,1,0.5,0.001,32,True,6,2,roc_auc,0.43661971830985913,0.43661971830985913,1.0,0.6078431372549019,0.5362903225806451,0.1,0.4897959183673469,0.4897959183673469,1.0,0.6575342465753424,0.5508333333333333
256,256,1,0.5,0.0005,16,True,6,2,roc_auc,0.4507042253521127,0.44285714285714284,1.0,0.6138613861386139,0.535483870967742,0.2,0.47959183673469385,0.4845360824742268,0.9791666666666666,0.6482758620689655,0.6325000000000001
256,64,2,0.5,0.001,16,False,6,2,roc_auc,0.43661971830985913,0.43661971830985913,1.0,0.6078431372549019,0.535483870967742,0.1,0.4897959183673469,0.4897959183673469,1.0,0.6575342465753424,0.5245833333333334
256,128,2,0.2,0.0003,16,False,6,2,roc_auc,0.43661971830985913,0.43661971830985913,1.0,0.6078431372549019,0.535483870967742,0.1,0.4897959183673469,0.4897959183673469,1.0,0.6575342465753424,0.5745833333333333
256,128,1,0.2,0.0003,32,False,6,2,roc_auc,0.43661971830985913,0.43661971830985913,1.0,0.6078431372549019,0.5354838709677419,0.1,0.4897959183673469,0.4897959183673469,1.0,0.6575342465753424,0.62375
64,256,1,0.5,0.001,16,True,6,2,roc_auc,0.43661971830985913,0.43661971830985913,1.0,0.6078431372549019,0.5346774193548387,0.1,0.4897959183673469,0.4897959183673469,1.0,0.6575342465753424,0.53375
128,128,2,0.2,0.001,16,True,6,2,roc_auc,0.6338028169014085,0.8571428571428571,0.1935483870967742,0.3157894736842105,0.5346774193548387,0.15000000000000002,0.5714285714285714,0.7142857142857143,0.20833333333333334,0.3225806451612903,0.58125
128,128,2,0.5,0.001,16,False,6,2,roc_auc,0.43661971830985913,0.43661971830985913,1.0,0.6078431372549019,0.5346774193548387,0.1,0.4897959183673469,0.4897959183673469,1.0,0.6575342465753424,0.61
256,64,2,0.5,0.0003,16,True,6,2,roc_auc,0.43661971830985913,0.43661971830985913,1.0,0.6078431372549019,0.5346774193548387,0.1,0.4897959183673469,0.4897959183673469,1.0,0.6575342465753424,0.5829166666666667
128,128,2,0.2,0.001,32,False,6,2,roc_auc,0.43661971830985913,0.43661971830985913,1.0,0.6078431372549019,0.5338709677419355,0.1,0.4897959183673469,0.4897959183673469,1.0,0.6575342465753424,0.5479166666666667
128,256,2,0.2,0.001,32,True,6,2,roc_auc,0.4788732394366197,0.45588235294117646,1.0,0.6262626262626263,0.5338709677419354,0.35,0.5204081632653061,0.5052631578947369,1.0,0.6713286713286714,0.7054166666666667
128,64,2,0.2,0.0003,32,True,6,2,roc_auc,0.4507042253521127,0.44285714285714284,1.0,0.6138613861386139,0.5338709677419354,0.5,0.47959183673469385,0.4845360824742268,0.9791666666666666,0.6482758620689655,0.5054166666666666
64,128,1,0.5,0.0003,32,False,6,2,roc_auc,0.43661971830985913,0.43661971830985913,1.0,0.6078431372549019,0.532258064516129,0.1,0.4897959183673469,0.4897959183673469,1.0,0.6575342465753424,0.4016666666666666
128,128,1,0.2,0.0005,32,True,6,2,roc_auc,0.43661971830985913,0.43661971830985913,1.0,0.6078431372549019,0.532258064516129,0.1,0.4897959183673469,0.4897959183673469,1.0,0.6575342465753424,0.56625
64,64,1,0.2,0.0005,32,False,6,2,roc_auc,0.4507042253521127,0.44285714285714284,1.0,0.6138613861386139,0.5314516129032258,0.45000000000000007,0.5102040816326531,0.5,0.9791666666666666,0.6619718309859155,0.4345833333333333
64,64,1,0.5,0.0005,32,False,6,2,roc_auc,0.43661971830985913,0.43661971830985913,1.0,0.6078431372549019,0.5314516129032258,0.1,0.4897959183673469,0.4897959183673469,1.0,0.6575342465753424,0.48250000000000004
256,64,1,0.5,0.0005,16,True,6,2,roc_auc,0.43661971830985913,0.43661971830985913,1.0,0.6078431372549019,0.5314516129032258,0.1,0.4897959183673469,0.4897959183673469,1.0,0.6575342465753424,0.65625
128,256,2,0.5,0.0003,32,False,6,2,roc_auc,0.43661971830985913,0.43661971830985913,1.0,0.6078431372549019,0.5314516129032258,0.1,0.4897959183673469,0.4897959183673469,1.0,0.6575342465753424,0.5341666666666667
128,64,2,0.5,0.0005,16,False,6,2,roc_auc,0.4507042253521127,0.44285714285714284,1.0,0.6138613861386139,0.5314516129032257,0.42500000000000004,0.4897959183673469,0.4897959183673469,1.0,0.6575342465753424,0.5654166666666667
256,256,2,0.5,0.0003,32,False,6,2,roc_auc,0.43661971830985913,0.43661971830985913,1.0,0.6078431372549019,0.5306451612903226,0.1,0.4897959183673469,0.4897959183673469,1.0,0.6575342465753424,0.6325000000000001
128,64,2,0.2,0.001,32,True,6,2,roc_auc,0.43661971830985913,0.43661971830985913,1.0,0.6078431372549019,0.5306451612903226,0.1,0.4897959183673469,0.4897959183673469,1.0,0.6575342465753424,0.6566666666666667
128,256,1,0.5,0.0003,32,False,6,2,roc_auc,0.43661971830985913,0.43661971830985913,1.0,0.6078431372549019,0.5298387096774194,0.1,0.4897959183673469,0.4897959183673469,1.0,0.6575342465753424,0.57625
64,256,2,0.2,0.001,32,True,6,2,roc_auc,0.43661971830985913,0.43661971830985913,1.0,0.6078431372549019,0.5298387096774194,0.1,0.4897959183673469,0.4897959183673469,1.0,0.6575342465753424,0.6195833333333334
128,64,1,0.2,0.0005,32,False,6,2,roc_auc,0.43661971830985913,0.43661971830985913,1.0,0.6078431372549019,0.5298387096774193,0.1,0.4897959183673469,0.4897959183673469,1.0,0.6575342465753424,0.5408333333333333
64,256,1,0.2,0.0005,16,True,6,2,roc_auc,0.43661971830985913,0.43661971830985913,1.0,0.6078431372549019,0.5298387096774193,0.1,0.4897959183673469,0.4897959183673469,1.0,0.6575342465753424,0.5841666666666666
256,128,1,0.2,0.0005,16,True,6,2,roc_auc,0.43661971830985913,0.43661971830985913,1.0,0.6078431372549019,0.5290322580645161,0.1,0.4897959183673469,0.4897959183673469,1.0,0.6575342465753424,0.6475
256,256,2,0.5,0.001,32,True,6,2,roc_auc,0.5070422535211268,0.46774193548387094,0.9354838709677419,0.6236559139784946,0.5290322580645161,0.5,0.6020408163265306,0.5529411764705883,0.9791666666666666,0.706766917293233,0.5954166666666666
128,128,1,0.5,0.0005,16,True,6,2,roc_auc,0.43661971830985913,0.43661971830985913,1.0,0.6078431372549019,0.5290322580645161,0.1,0.4897959183673469,0.4897959183673469,1.0,0.6575342465753424,0.6125
256,64,1,0.2,0.0005,32,False,6,2,roc_auc,0.43661971830985913,0.43661971830985913,1.0,0.6078431372549019,0.529032258064516,0.1,0.4897959183673469,0.4897959183673469,1.0,0.6575342465753424,0.5979166666666668
128,64,2,0.2,0.0003,16,False,6,2,roc_auc,0.43661971830985913,0.43661971830985913,1.0,0.6078431372549019,0.5282258064516129,0.1,0.4897959183673469,0.4897959183673469,1.0,0.6575342465753424,0.5858333333333333
256,256,1,0.2,0.0005,32,True,6,2,roc_auc,0.49295774647887325,0.4603174603174603,0.9354838709677419,0.6170212765957447,0.5282258064516129,0.42500000000000004,0.5510204081632653,0.5227272727272727,0.9583333333333334,0.6764705882352942,0.6904166666666667
256,256,1,0.5,0.0005,32,True,6,2,roc_auc,0.49295774647887325,0.4603174603174603,0.9354838709677419,0.6170212765957447,0.5266129032258065,0.42500000000000004,0.5408163265306123,0.5172413793103449,0.9375,0.6666666666666666,0.6616666666666667
128,128,2,0.2,0.001,16,False,6,2,roc_auc,0.43661971830985913,0.43661971830985913,1.0,0.6078431372549019,0.5266129032258065,0.1,0.4897959183673469,0.4897959183673469,1.0,0.6575342465753424,0.63
128,64,2,0.5,0.001,32,True,6,2,roc_auc,0.43661971830985913,0.43661971830985913,1.0,0.6078431372549019,0.5266129032258065,0.1,0.4897959183673469,0.4897959183673469,1.0,0.6575342465753424,0.6441666666666667
128,64,2,0.5,0.0003,32,True,6,2,roc_auc,0.43661971830985913,0.43661971830985913,1.0,0.6078431372549019,0.5266129032258065,0.1,0.4897959183673469,0.4897959183673469,1.0,0.6575342465753424,0.46916666666666673
64,128,2,0.5,0.0005,16,True,6,2,roc_auc,0.43661971830985913,0.43661971830985913,1.0,0.6078431372549019,0.5266129032258065,0.1,0.4897959183673469,0.4897959183673469,1.0,0.6575342465753424,0.50625
128,128,2,0.2,0.0003,32,True,6,2,roc_auc,0.43661971830985913,0.43661971830985913,1.0,0.6078431372549019,0.5258064516129033,0.1,0.4897959183673469,0.4897959183673469,1.0,0.6575342465753424,0.60625
256,64,1,0.2,0.0003,16,False,6,2,roc_auc,0.43661971830985913,0.43661971830985913,1.0,0.6078431372549019,0.5249999999999999,0.1,0.4897959183673469,0.4897959183673469,1.0,0.6575342465753424,0.6566666666666667
256,64,2,0.2,0.0003,32,True,6,2,roc_auc,0.4788732394366197,0.45588235294117646,1.0,0.6262626262626263,0.5241935483870968,0.5,0.5816326530612245,0.5411764705882353,0.9583333333333334,0.6917293233082706,0.6591666666666667
64,64,2,0.2,0.001,16,False,6,2,roc_auc,0.4647887323943662,0.44776119402985076,0.967741935483871,0.6122448979591837,0.5241935483870968,0.475,0.4897959183673469,0.4883720930232558,0.875,0.6268656716417911,0.5175000000000001
64,256,2,0.5,0.001,32,False,6,2,roc_auc,0.43661971830985913,0.43661971830985913,1.0,0.6078431372549019,0.5241935483870968,0.1,0.4897959183673469,0.4897959183673469,1.0,0.6575342465753424,0.5095833333333333
128,128,2,0.5,0.0005,16,True,6,2,roc_auc,0.4647887323943662,0.44776119402985076,0.967741935483871,0.6122448979591837,0.5241935483870968,0.475,0.5,0.49473684210526314,0.9791666666666666,0.6573426573426573,0.6245833333333333
128,64,2,0.2,0.0005,32,False,6,2,roc_auc,0.43661971830985913,0.43661971830985913,1.0,0.6078431372549019,0.5241935483870966,0.1,0.4897959183673469,0.4897959183673469,1.0,0.6575342465753424,0.64375
128,256,2,0.5,0.0003,16,False,6,2,roc_auc,0.43661971830985913,0.43661971830985913,1.0,0.6078431372549019,0.5233870967741935,0.1,0.4897959183673469,0.4897959183673469,1.0,0.6575342465753424,0.5433333333333333
128,128,2,0.2,0.0003,16,False,6,2,roc_auc,0.43661971830985913,0.43661971830985913,1.0,0.6078431372549019,0.5233870967741935,0.1,0.4897959183673469,0.4897959183673469,1.0,0.6575342465753424,0.695
64,64,2,0.2,0.0005,16,False,6,2,roc_auc,0.43661971830985913,0.43661971830985913,1.0,0.6078431372549019,0.5225806451612903,0.1,0.4897959183673469,0.4897959183673469,1.0,0.6575342465753424,0.6570833333333334
128,64,2,0.5,0.001,32,False,6,2,roc_auc,0.4507042253521127,0.44285714285714284,1.0,0.6138613861386139,0.5225806451612903,0.475,0.4897959183673469,0.4897959183673469,1.0,0.6575342465753424,0.5583333333333333
64,128,2,0.2,0.001,16,True,6,2,roc_auc,0.43661971830985913,0.43661971830985913,1.0,0.6078431372549019,0.5225806451612903,0.1,0.4897959183673469,0.4897959183673469,1.0,0.6575342465753424,0.7025
128,128,2,0.5,0.001,16,True,6,2,roc_auc,0.43661971830985913,0.43661971830985913,1.0,0.6078431372549019,0.5225806451612903,0.1,0.4897959183673469,0.4897959183673469,1.0,0.6575342465753424,0.6695833333333333
64,128,1,0.5,0.0003,16,True,6,2,roc_auc,0.43661971830985913,0.43661971830985913,1.0,0.6078431372549019,0.5225806451612903,0.1,0.4897959183673469,0.4897959183673469,1.0,0.6575342465753424,0.5270833333333333
128,64,1,0.5,0.0005,16,False,6,2,roc_auc,0.43661971830985913,0.43661971830985913,1.0,0.6078431372549019,0.521774193548387,0.1,0.4897959183673469,0.4897959183673469,1.0,0.6575342465753424,0.50125
64,64,2,0.2,0.0003,16,True,6,2,roc_auc,0.43661971830985913,0.43661971830985913,1.0,0.6078431372549019,0.521774193548387,0.1,0.4897959183673469,0.4897959183673469,1.0,0.6575342465753424,0.4708333333333333
128,256,1,0.5,0.001,16,True,6,2,roc_auc,0.43661971830985913,0.43661971830985913,1.0,0.6078431372549019,0.521774193548387,0.1,0.4897959183673469,0.4897959183673469,1.0,0.6575342465753424,0.5758333333333333
128,256,2,0.2,0.001,16,False,6,2,roc_auc,0.43661971830985913,0.43661971830985913,1.0,0.6078431372549019,0.5209677419354839,0.1,0.4897959183673469,0.4897959183673469,1.0,0.6575342465753424,0.7579166666666666
256,64,1,0.5,0.0005,32,True,6,2,roc_auc,0.4647887323943662,0.4492753623188406,1.0,0.62,0.5201612903225807,0.42500000000000004,0.4897959183673469,0.4895833333333333,0.9791666666666666,0.6527777777777778,0.60625
256,64,2,0.5,0.001,32,False,6,2,roc_auc,0.43661971830985913,0.43661971830985913,1.0,0.6078431372549019,0.5201612903225806,0.1,0.4897959183673469,0.4897959183673469,1.0,0.6575342465753424,0.60375
256,64,2,0.5,0.0005,32,True,6,2,roc_auc,0.4788732394366197,0.453125,0.9354838709677419,0.6105263157894737,0.5193548387096774,0.475,0.4897959183673469,0.4883720930232558,0.875,0.6268656716417911,0.5741666666666667
128,128,2,0.5,0.0005,32,True,6,2,roc_auc,0.4507042253521127,0.44285714285714284,1.0,0.6138613861386139,0.5185483870967742,0.45000000000000007,0.47959183673469385,0.4845360824742268,0.9791666666666666,0.6482758620689655,0.6091666666666666
256,128,2,0.5,0.0005,32,True,6,2,roc_auc,0.43661971830985913,0.43661971830985913,1.0,0.6078431372549019,0.5185483870967742,0.1,0.4897959183673469,0.4897959183673469,1.0,0.6575342465753424,0.5995833333333334
128,64,2,0.2,0.0003,16,True,6,2,roc_auc,0.43661971830985913,0.43661971830985913,1.0,0.6078431372549019,0.5185483870967742,0.1,0.4897959183673469,0.4897959183673469,1.0,0.6575342465753424,0.4395833333333333
256,256,1,0.5,0.001,16,True,6,2,roc_auc,0.43661971830985913,0.43661971830985913,1.0,0.6078431372549019,0.517741935483871,0.1,0.4897959183673469,0.4897959183673469,1.0,0.6575342465753424,0.6279166666666667
128,128,2,0.5,0.0003,16,False,6,2,roc_auc,0.43661971830985913,0.43661971830985913,1.0,0.6078431372549019,0.5169354838709678,0.1,0.4897959183673469,0.4897959183673469,1.0,0.6575342465753424,0.615
64,64,1,0.5,0.0005,16,False,6,2,roc_auc,0.43661971830985913,0.43661971830985913,1.0,0.6078431372549019,0.5169354838709677,0.1,0.4897959183673469,0.4897959183673469,1.0,0.6575342465753424,0.5541666666666667
256,64,1,0.2,0.0005,16,True,6,2,roc_auc,0.4647887323943662,0.4492753623188406,1.0,0.62,0.5161290322580645,0.475,0.5408163265306123,0.5164835164835165,0.9791666666666666,0.6762589928057554,0.52875
64,256,1,0.5,0.0005,32,False,6,2,roc_auc,0.43661971830985913,0.43661971830985913,1.0,0.6078431372549019,0.5161290322580645,0.1,0.4897959183673469,0.4897959183673469,1.0,0.6575342465753424,0.5158333333333334
128,128,1,0.5,0.0003,32,True,6,2,roc_auc,0.43661971830985913,0.43661971830985913,1.0,0.6078431372549019,0.5161290322580645,0.1,0.4897959183673469,0.4897959183673469,1.0,0.6575342465753424,0.5633333333333334
128,128,2,0.2,0.0005,16,True,6,2,roc_auc,0.43661971830985913,0.43661971830985913,1.0,0.6078431372549019,0.5161290322580645,0.1,0.4897959183673469,0.4897959183673469,1.0,0.6575342465753424,0.5666666666666667
256,64,2,0.2,0.0005,16,False,6,2,roc_auc,0.43661971830985913,0.43661971830985913,1.0,0.6078431372549019,0.5161290322580645,0.1,0.4897959183673469,0.4897959183673469,1.0,0.6575342465753424,0.6991666666666666
64,64,1,0.5,0.001,16,False,6,2,roc_auc,0.43661971830985913,0.43661971830985913,1.0,0.6078431372549019,0.5161290322580645,0.1,0.4897959183673469,0.4897959183673469,1.0,0.6575342465753424,0.4670833333333333
64,256,1,0.5,0.0003,32,False,6,2,roc_auc,0.43661971830985913,0.43661971830985913,1.0,0.6078431372549019,0.5153225806451613,0.1,0.4897959183673469,0.4897959183673469,1.0,0.6575342465753424,0.5654166666666667
256,64,1,0.2,0.001,16,True,6,2,roc_auc,0.43661971830985913,0.43661971830985913,1.0,0.6078431372549019,0.5153225806451613,0.1,0.4897959183673469,0.4897959183673469,1.0,0.6575342465753424,0.6483333333333333
64,64,1,0.5,0.0003,32,True,6,2,roc_auc,0.5352112676056338,0.4827586206896552,0.9032258064516129,0.6292134831460674,0.5145161290322581,0.475,0.45918367346938777,0.4666666666666667,0.7291666666666666,0.5691056910569106,0.41541666666666666
64,256,1,0.5,0.0003,32,True,6,2,roc_auc,0.43661971830985913,0.43661971830985913,1.0,0.6078431372549019,0.5137096774193548,0.1,0.4897959183673469,0.4897959183673469,1.0,0.6575342465753424,0.5829166666666666
64,128,2,0.2,0.0005,32,True,6,2,roc_auc,0.43661971830985913,0.43661971830985913,1.0,0.6078431372549019,0.5137096774193548,0.1,0.4897959183673469,0.4897959183673469,1.0,0.6575342465753424,0.4879166666666666
64,256,1,0.5,0.0005,16,False,6,2,roc_auc,0.4507042253521127,0.44285714285714284,1.0,0.6138613861386139,0.5137096774193548,0.42500000000000004,0.4897959183673469,0.4897959183673469,1.0,0.6575342465753424,0.47583333333333333
64,256,2,0.2,0.0003,16,False,6,2,roc_auc,0.43661971830985913,0.43661971830985913,1.0,0.6078431372549019,0.5137096774193548,0.1,0.4897959183673469,0.4897959183673469,1.0,0.6575342465753424,0.6666666666666667
128,64,1,0.5,0.001,32,True,6,2,roc_auc,0.43661971830985913,0.43661971830985913,1.0,0.6078431372549019,0.5129032258064516,0.1,0.4897959183673469,0.4897959183673469,1.0,0.6575342465753424,0.5416666666666667
64,64,2,0.2,0.001,32,True,6,2,roc_auc,0.43661971830985913,0.43661971830985913,1.0,0.6078431372549019,0.5129032258064516,0.1,0.4897959183673469,0.4897959183673469,1.0,0.6575342465753424,0.5583333333333333
128,64,2,0.5,0.001,16,False,6,2,roc_auc,0.43661971830985913,0.43661971830985913,1.0,0.6078431372549019,0.5129032258064516,0.1,0.4897959183673469,0.4897959183673469,1.0,0.6575342465753424,0.6104166666666667
128,64,2,0.5,0.0003,16,True,6,2,roc_auc,0.5070422535211268,0.4666666666666667,0.9032258064516129,0.6153846153846154,0.5120967741935484,0.5,0.5306122448979592,0.5113636363636364,0.9375,0.6617647058823529,0.6266666666666666
256,64,1,0.2,0.0003,32,True,6,2,roc_auc,0.43661971830985913,0.43661971830985913,1.0,0.6078431372549019,0.5096774193548387,0.1,0.4897959183673469,0.4897959183673469,1.0,0.6575342465753424,0.5325
64,256,1,0.5,0.0003,16,True,6,2,roc_auc,0.43661971830985913,0.43661971830985913,1.0,0.6078431372549019,0.5088709677419355,0.1,0.4897959183673469,0.4897959183673469,1.0,0.6575342465753424,0.6375
128,64,2,0.5,0.001,16,True,6,2,roc_auc,0.43661971830985913,0.43661971830985913,1.0,0.6078431372549019,0.5064516129032259,0.1,0.4897959183673469,0.4897959183673469,1.0,0.6575342465753424,0.6745833333333333
64,256,2,0.2,0.0003,32,False,6,2,roc_auc,0.43661971830985913,0.43661971830985913,1.0,0.6078431372549019,0.5056451612903226,0.1,0.4897959183673469,0.4897959183673469,1.0,0.6575342465753424,0.60375
64,64,2,0.5,0.0003,32,False,6,2,roc_auc,0.43661971830985913,0.43661971830985913,1.0,0.6078431372549019,0.5056451612903226,0.1,0.4897959183673469,0.4897959183673469,1.0,0.6575342465753424,0.5570833333333334
64,128,1,0.2,0.001,32,True,6,2,roc_auc,0.43661971830985913,0.43661971830985913,1.0,0.6078431372549019,0.5048387096774194,0.1,0.4897959183673469,0.4897959183673469,1.0,0.6575342465753424,0.6683333333333332
128,256,1,0.5,0.0005,32,False,6,2,roc_auc,0.43661971830985913,0.43661971830985913,1.0,0.6078431372549019,0.5048387096774193,0.1,0.4897959183673469,0.4897959183673469,1.0,0.6575342465753424,0.6237499999999999
256,128,1,0.5,0.0005,32,True,6,2,roc_auc,0.43661971830985913,0.43661971830985913,1.0,0.6078431372549019,0.5040322580645161,0.1,0.4897959183673469,0.4897959183673469,1.0,0.6575342465753424,0.6424999999999998
256,128,1,0.5,0.0003,32,True,6,2,roc_auc,0.4507042253521127,0.44285714285714284,1.0,0.6138613861386139,0.5040322580645161,0.45000000000000007,0.4897959183673469,0.4895833333333333,0.9791666666666666,0.6527777777777778,0.5879166666666666
256,128,2,0.2,0.0005,32,False,6,2,roc_auc,0.43661971830985913,0.43661971830985913,1.0,0.6078431372549019,0.5040322580645161,0.1,0.4897959183673469,0.4897959183673469,1.0,0.6575342465753424,0.7166666666666667
64,64,2,0.5,0.001,16,True,6,2,roc_auc,0.43661971830985913,0.43661971830985913,1.0,0.6078431372549019,0.5040322580645161,0.1,0.4897959183673469,0.4897959183673469,1.0,0.6575342465753424,0.5966666666666667
64,64,2,0.5,0.0003,32,True,6,2,roc_auc,0.43661971830985913,0.43661971830985913,1.0,0.6078431372549019,0.503225806451613,0.1,0.4897959183673469,0.4897959183673469,1.0,0.6575342465753424,0.5008333333333334
64,256,2,0.5,0.001,16,False,6,2,roc_auc,0.5211267605633803,0.47540983606557374,0.9354838709677419,0.6304347826086957,0.5032258064516129,0.275,0.5714285714285714,0.5384615384615384,0.875,0.6666666666666666,0.6295833333333334
64,64,1,0.2,0.001,16,True,6,2,roc_auc,0.43661971830985913,0.43661971830985913,1.0,0.6078431372549019,0.5024193548387097,0.1,0.4897959183673469,0.4897959183673469,1.0,0.6575342465753424,0.6945833333333333
256,64,2,0.5,0.0003,32,True,6,2,roc_auc,0.43661971830985913,0.43661971830985913,1.0,0.6078431372549019,0.5016129032258065,0.1,0.4897959183673469,0.4897959183673469,1.0,0.6575342465753424,0.5037499999999999
64,64,1,0.2,0.001,32,False,6,2,roc_auc,0.43661971830985913,0.43661971830985913,1.0,0.6078431372549019,0.5016129032258065,0.1,0.4897959183673469,0.4897959183673469,1.0,0.6575342465753424,0.56375
256,128,2,0.2,0.0005,16,True,6,2,roc_auc,0.43661971830985913,0.43661971830985913,1.0,0.6078431372549019,0.5008064516129033,0.1,0.4897959183673469,0.4897959183673469,1.0,0.6575342465753424,0.6333333333333333
64,128,2,0.5,0.0003,16,True,6,2,roc_auc,0.43661971830985913,0.43661971830985913,1.0,0.6078431372549019,0.5008064516129032,0.1,0.4897959183673469,0.4897959183673469,1.0,0.6575342465753424,0.55125
256,64,2,0.5,0.0005,32,False,6,2,roc_auc,0.43661971830985913,0.43661971830985913,1.0,0.6078431372549019,0.5008064516129032,0.1,0.4897959183673469,0.4897959183673469,1.0,0.6575342465753424,0.6145833333333334
256,64,1,0.5,0.0003,32,True,6,2,roc_auc,0.43661971830985913,0.43661971830985913,1.0,0.6078431372549019,0.5,0.1,0.4897959183673469,0.4897959183673469,1.0,0.6575342465753424,0.6458333333333334
256,128,2,0.5,0.0003,32,False,6,2,roc_auc,0.43661971830985913,0.43661971830985913,1.0,0.6078431372549019,0.4959677419354839,0.1,0.4897959183673469,0.4897959183673469,1.0,0.6575342465753424,0.71375
64,256,1,0.2,0.0003,32,True,6,2,roc_auc,0.43661971830985913,0.43661971830985913,1.0,0.6078431372549019,0.4959677419354839,0.1,0.4897959183673469,0.4897959183673469,1.0,0.6575342465753424,0.60375
128,256,1,0.2,0.0003,32,True,6,2,roc_auc,0.43661971830985913,0.43661971830985913,1.0,0.6078431372549019,0.49516129032258066,0.1,0.4897959183673469,0.4897959183673469,1.0,0.6575342465753424,0.6079166666666667
64,256,2,0.5,0.0003,32,True,6,2,roc_auc,0.4507042253521127,0.44285714285714284,1.0,0.6138613861386139,0.49516129032258066,0.475,0.5102040816326531,0.5,1.0,0.6666666666666666,0.59
64,256,1,0.5,0.0003,16,False,6,2,roc_auc,0.43661971830985913,0.43661971830985913,1.0,0.6078431372549019,0.4951612903225806,0.1,0.4897959183673469,0.4897959183673469,1.0,0.6575342465753424,0.6141666666666667
64,64,1,0.5,0.0003,16,False,6,2,roc_auc,0.43661971830985913,0.43661971830985913,1.0,0.6078431372549019,0.4951612903225806,0.1,0.4897959183673469,0.4897959183673469,1.0,0.6575342465753424,0.5466666666666666
64,128,2,0.2,0.0003,16,False,6,2,roc_auc,0.43661971830985913,0.43661971830985913,1.0,0.6078431372549019,0.4951612903225806,0.1,0.4897959183673469,0.4897959183673469,1.0,0.6575342465753424,0.5108333333333333
256,256,1,0.5,0.0003,32,False,6,2,roc_auc,0.43661971830985913,0.43661971830985913,1.0,0.6078431372549019,0.49435483870967745,0.1,0.4897959183673469,0.4897959183673469,1.0,0.6575342465753424,0.6195833333333334
128,128,1,0.2,0.0003,16,False,6,2,roc_auc,0.43661971830985913,0.43661971830985913,1.0,0.6078431372549019,0.492741935483871,0.1,0.4897959183673469,0.4897959183673469,1.0,0.6575342465753424,0.5108333333333333
128,128,1,0.5,0.001,32,True,6,2,roc_auc,0.49295774647887325,0.46153846153846156,0.967741935483871,0.625,0.4919354838709678,0.475,0.47959183673469385,0.4835164835164835,0.9166666666666666,0.6330935251798561,0.5554166666666667
256,128,1,0.2,0.0003,32,True,6,2,roc_auc,0.43661971830985913,0.43661971830985913,1.0,0.6078431372549019,0.49193548387096775,0.1,0.4897959183673469,0.4897959183673469,1.0,0.6575342465753424,0.6058333333333333
64,64,2,0.2,0.0003,32,False,6,2,roc_auc,0.4507042253521127,0.44285714285714284,1.0,0.6138613861386139,0.49193548387096775,0.475,0.5306122448979592,0.5108695652173914,0.9791666666666666,0.6714285714285714,0.5041666666666667
256,64,1,0.5,0.0003,16,True,6,2,roc_auc,0.43661971830985913,0.43661971830985913,1.0,0.6078431372549019,0.4895161290322581,0.1,0.4897959183673469,0.4897959183673469,1.0,0.6575342465753424,0.47
64,128,2,0.2,0.001,32,False,6,2,roc_auc,0.43661971830985913,0.43661971830985913,1.0,0.6078431372549019,0.4895161290322581,0.1,0.4897959183673469,0.4897959183673469,1.0,0.6575342465753424,0.5854166666666667
256,256,2,0.2,0.0003,32,True,6,2,roc_auc,0.43661971830985913,0.43661971830985913,1.0,0.6078431372549019,0.48870967741935495,0.1,0.4897959183673469,0.4897959183673469,1.0,0.6575342465753424,0.6583333333333333
64,64,2,0.5,0.0005,32,False,6,2,roc_auc,0.43661971830985913,0.43661971830985913,1.0,0.6078431372549019,0.48870967741935484,0.1,0.4897959183673469,0.4897959183673469,1.0,0.6575342465753424,0.5575
128,64,1,0.5,0.0003,32,False,6,2,roc_auc,0.4507042253521127,0.44285714285714284,1.0,0.6138613861386139,0.4879032258064516,0.45000000000000007,0.5,0.49473684210526314,0.9791666666666666,0.6573426573426573,0.6158333333333333
128,128,2,0.2,0.0003,32,False,6,2,roc_auc,0.43661971830985913,0.43661971830985913,1.0,0.6078431372549019,0.48629032258064525,0.1,0.4897959183673469,0.4897959183673469,1.0,0.6575342465753424,0.5379166666666667
256,64,2,0.5,0.0005,16,False,6,2,roc_auc,0.43661971830985913,0.43661971830985913,1.0,0.6078431372549019,0.48629032258064514,0.1,0.4897959183673469,0.4897959183673469,1.0,0.6575342465753424,0.6716666666666666
64,64,2,0.2,0.0003,32,True,6,2,roc_auc,0.43661971830985913,0.43661971830985913,1.0,0.6078431372549019,0.4838709677419355,0.1,0.4897959183673469,0.4897959183673469,1.0,0.6575342465753424,0.53625
128,64,1,0.5,0.0003,32,True,6,2,roc_auc,0.43661971830985913,0.43661971830985913,1.0,0.6078431372549019,0.4830645161290323,0.1,0.4897959183673469,0.4897959183673469,1.0,0.6575342465753424,0.5454166666666667
128,64,2,0.2,0.0005,32,True,6,2,roc_auc,0.43661971830985913,0.43661971830985913,1.0,0.6078431372549019,0.48306451612903223,0.1,0.4897959183673469,0.4897959183673469,1.0,0.6575342465753424,0.4779166666666666
64,128,2,0.2,0.001,16,False,6,2,roc_auc,0.4507042253521127,0.44285714285714284,1.0,0.6138613861386139,0.4806451612903226,0.4,0.47959183673469385,0.4845360824742268,0.9791666666666666,0.6482758620689655,0.5658333333333333
128,256,1,0.5,0.0005,32,True,6,2,roc_auc,0.43661971830985913,0.43661971830985913,1.0,0.6078431372549019,0.4798387096774194,0.1,0.4897959183673469,0.4897959183673469,1.0,0.6575342465753424,0.6558333333333333
64,256,2,0.2,0.0005,32,False,6,2,roc_auc,0.4507042253521127,0.44285714285714284,1.0,0.6138613861386139,0.4798387096774194,0.35,0.5204081632653061,0.5052631578947369,1.0,0.6713286713286714,0.7045833333333333
128,256,1,0.2,0.001,16,True,6,2,roc_auc,0.43661971830985913,0.43661971830985913,1.0,0.6078431372549019,0.4790322580645161,0.1,0.4897959183673469,0.4897959183673469,1.0,0.6575342465753424,0.54125
128,256,1,0.5,0.0003,16,False,6,2,roc_auc,0.43661971830985913,0.43661971830985913,1.0,0.6078431372549019,0.47822580645161294,0.1,0.4897959183673469,0.4897959183673469,1.0,0.6575342465753424,0.57125
128,64,1,0.5,0.0005,16,True,6,2,roc_auc,0.43661971830985913,0.43661971830985913,1.0,0.6078431372549019,0.47822580645161294,0.1,0.4897959183673469,0.4897959183673469,1.0,0.6575342465753424,0.6208333333333333
64,128,2,0.5,0.0003,32,True,6,2,roc_auc,0.43661971830985913,0.43661971830985913,1.0,0.6078431372549019,0.47822580645161294,0.1,0.4897959183673469,0.4897959183673469,1.0,0.6575342465753424,0.55875
64,64,2,0.2,0.0003,16,False,6,2,roc_auc,0.43661971830985913,0.43661971830985913,1.0,0.6078431372549019,0.4782258064516129,0.1,0.4897959183673469,0.4897959183673469,1.0,0.6575342465753424,0.49374999999999997
256,256,2,0.2,0.0003,32,False,6,2,roc_auc,0.43661971830985913,0.43661971830985913,1.0,0.6078431372549019,0.4774193548387097,0.1,0.4897959183673469,0.4897959183673469,1.0,0.6575342465753424,0.6141666666666666
64,64,1,0.2,0.001,32,True,6,2,roc_auc,0.43661971830985913,0.43661971830985913,1.0,0.6078431372549019,0.4774193548387097,0.1,0.4897959183673469,0.4897959183673469,1.0,0.6575342465753424,0.5683333333333334
256,256,2,0.5,0.0003,32,True,6,2,roc_auc,0.43661971830985913,0.43661971830985913,1.0,0.6078431372549019,0.4774193548387096,0.1,0.4897959183673469,0.4897959183673469,1.0,0.6575342465753424,0.62375
64,64,1,0.5,0.0005,32,True,6,2,roc_auc,0.43661971830985913,0.43661971830985913,1.0,0.6078431372549019,0.4766129032258065,0.1,0.4897959183673469,0.4897959183673469,1.0,0.6575342465753424,0.5541666666666668
256,128,2,0.5,0.0003,32,True,6,2,roc_auc,0.43661971830985913,0.43661971830985913,1.0,0.6078431372549019,0.4766129032258064,0.1,0.4897959183673469,0.4897959183673469,1.0,0.6575342465753424,0.595
128,64,2,0.5,0.0005,16,True,6,2,roc_auc,0.43661971830985913,0.43661971830985913,1.0,0.6078431372549019,0.47580645161290325,0.1,0.4897959183673469,0.4897959183673469,1.0,0.6575342465753424,0.5558333333333333
64,256,2,0.2,0.0005,16,True,6,2,roc_auc,0.43661971830985913,0.43661971830985913,1.0,0.6078431372549019,0.47338709677419355,0.1,0.4897959183673469,0.4897959183673469,1.0,0.6575342465753424,0.7154166666666666
128,128,1,0.2,0.0003,32,False,6,2,roc_auc,0.43661971830985913,0.43661971830985913,1.0,0.6078431372549019,0.47096774193548385,0.1,0.4897959183673469,0.4897959183673469,1.0,0.6575342465753424,0.5595833333333333
64,256,2,0.2,0.0005,32,True,6,2,roc_auc,0.43661971830985913,0.43661971830985913,1.0,0.6078431372549019,0.4701612903225807,0.1,0.4897959183673469,0.4897959183673469,1.0,0.6575342465753424,0.5316666666666666
64,256,1,0.2,0.0003,16,False,6,2,roc_auc,0.43661971830985913,0.43661971830985913,1.0,0.6078431372549019,0.4693548387096774,0.1,0.4897959183673469,0.4897959183673469,1.0,0.6575342465753424,0.5483333333333333
64,256,1,0.2,0.001,32,True,6,2,roc_auc,0.43661971830985913,0.43661971830985913,1.0,0.6078431372549019,0.46854838709677415,0.1,0.4897959183673469,0.4897959183673469,1.0,0.6575342465753424,0.7016666666666667
128,64,1,0.2,0.0003,32,True,6,2,roc_auc,0.4647887323943662,0.4492753623188406,1.0,0.62,0.4669354838709678,0.45000000000000007,0.4897959183673469,0.4897959183673469,1.0,0.6575342465753424,0.5650000000000001
64,64,2,0.5,0.0003,16,False,6,2,roc_auc,0.43661971830985913,0.43661971830985913,1.0,0.6078431372549019,0.46451612903225803,0.1,0.4897959183673469,0.4897959183673469,1.0,0.6575342465753424,0.55875
64,256,1,0.2,0.001,16,False,6,2,roc_auc,0.43661971830985913,0.43661971830985913,1.0,0.6078431372549019,0.46209677419354844,0.1,0.4897959183673469,0.4897959183673469,1.0,0.6575342465753424,0.5891666666666666
64,64,2,0.2,0.001,32,False,6,2,roc_auc,0.43661971830985913,0.43661971830985913,1.0,0.6078431372549019,0.46048387096774196,0.1,0.4897959183673469,0.4897959183673469,1.0,0.6575342465753424,0.5870833333333334
64,128,1,0.5,0.0003,16,False,6,2,roc_auc,0.43661971830985913,0.43661971830985913,1.0,0.6078431372549019,0.4596774193548387,0.1,0.4897959183673469,0.4897959183673469,1.0,0.6575342465753424,0.5700000000000001
256,64,2,0.5,0.0005,16,True,6,2,roc_auc,0.43661971830985913,0.43661971830985913,1.0,0.6078431372549019,0.45806451612903226,0.1,0.4897959183673469,0.4897959183673469,1.0,0.6575342465753424,0.6316666666666666
128,256,2,0.5,0.0005,16,False,6,2,roc_auc,0.43661971830985913,0.43661971830985913,1.0,0.6078431372549019,0.45806451612903226,0.1,0.4897959183673469,0.4897959183673469,1.0,0.6575342465753424,0.6820833333333334
64,128,1,0.5,0.001,16,True,6,2,roc_auc,0.43661971830985913,0.43661971830985913,1.0,0.6078431372549019,0.45725806451612905,0.1,0.4897959183673469,0.4897959183673469,1.0,0.6575342465753424,0.5304166666666666
128,256,2,0.5,0.0005,16,True,6,2,roc_auc,0.43661971830985913,0.43661971830985913,1.0,0.6078431372549019,0.44516129032258067,0.1,0.4897959183673469,0.4897959183673469,1.0,0.6575342465753424,0.5879166666666666
64,128,1,0.2,0.0003,32,True,6,2,roc_auc,0.43661971830985913,0.43661971830985913,1.0,0.6078431372549019,0.44193548387096776,0.1,0.4897959183673469,0.4897959183673469,1.0,0.6575342465753424,0.4920833333333334
128,64,1,0.2,0.0003,32,False,6,2,roc_auc,0.43661971830985913,0.43661971830985913,1.0,0.6078431372549019,0.44112903225806455,0.1,0.4897959183673469,0.4897959183673469,1.0,0.6575342465753424,0.59875
64,64,1,0.5,0.0003,32,False,6,2,roc_auc,0.43661971830985913,0.43661971830985913,1.0,0.6078431372549019,0.44112903225806455,0.1,0.4897959183673469,0.4897959183673469,1.0,0.6575342465753424,0.5424999999999999
64,64,2,0.5,0.001,32,True,6,2,roc_auc,0.4647887323943662,0.44776119402985076,0.967741935483871,0.6122448979591837,0.43870967741935485,0.475,0.6020408163265306,0.5529411764705883,0.9791666666666666,0.706766917293233,0.6341666666666667
64,128,1,0.5,0.001,32,True,6,2,roc_auc,0.4507042253521127,0.44285714285714284,1.0,0.6138613861386139,0.43870967741935485,0.45000000000000007,0.5,0.49473684210526314,0.9791666666666666,0.6573426573426573,0.6387499999999999
64,128,1,0.5,0.0005,16,False,6,2,roc_auc,0.43661971830985913,0.43661971830985913,1.0,0.6078431372549019,0.43629032258064515,0.1,0.4897959183673469,0.4897959183673469,1.0,0.6575342465753424,0.4820833333333333
64,64,2,0.5,0.001,32,False,6,2,roc_auc,0.43661971830985913,0.43661971830985913,1.0,0.6078431372549019,0.4346774193548387,0.1,0.4897959183673469,0.4897959183673469,1.0,0.6575342465753424,0.5191666666666667
64,128,2,0.5,0.0005,32,True,6,2,roc_auc,0.43661971830985913,0.43661971830985913,1.0,0.6078431372549019,0.43145161290322576,0.1,0.4897959183673469,0.4897959183673469,1.0,0.6575342465753424,0.5408333333333333
128,64,2,0.5,0.0003,16,False,6,2,roc_auc,0.43661971830985913,0.43661971830985913,1.0,0.6078431372549019,0.4258064516129032,0.1,0.4897959183673469,0.4897959183673469,1.0,0.6575342465753424,0.5658333333333333
64,64,1,0.2,0.0005,16,True,6,2,roc_auc,0.43661971830985913,0.43661971830985913,1.0,0.6078431372549019,0.42500000000000004,0.1,0.4897959183673469,0.4897959183673469,1.0,0.6575342465753424,0.4454166666666666
64,64,2,0.5,0.0005,16,True,6,2,roc_auc,0.43661971830985913,0.43661971830985913,1.0,0.6078431372549019,0.4241935483870968,0.1,0.4897959183673469,0.4897959183673469,1.0,0.6575342465753424,0.5145833333333334
64,64,1,0.2,0.0005,32,True,6,2,roc_auc,0.43661971830985913,0.43661971830985913,1.0,0.6078431372549019,0.42338709677419356,0.1,0.4897959183673469,0.4897959183673469,1.0,0.6575342465753424,0.5808333333333333
128,256,1,0.5,0.0003,16,True,6,2,roc_auc,0.43661971830985913,0.43661971830985913,1.0,0.6078431372549019,0.42016129032258065,0.1,0.4897959183673469,0.4897959183673469,1.0,0.6575342465753424,0.6629166666666666
128,128,2,0.5,0.0003,16,True,6,2,roc_auc,0.43661971830985913,0.43661971830985913,1.0,0.6078431372549019,0.4193548387096774,0.1,0.4897959183673469,0.4897959183673469,1.0,0.6575342465753424,0.5645833333333334
64,256,1,0.2,0.0003,16,True,6,2,roc_auc,0.43661971830985913,0.43661971830985913,1.0,0.6078431372549019,0.40161290322580645,0.1,0.4897959183673469,0.4897959183673469,1.0,0.6575342465753424,0.5779166666666666
128,64,1,0.5,0.0003,16,True,6,2,roc_auc,0.43661971830985913,0.43661971830985913,1.0,0.6078431372549019,0.38629032258064516,0.1,0.4897959183673469,0.4897959183673469,1.0,0.6575342465753424,0.4825
